iid,Name,Category,Description,Latitude,Longitude,Founded Year,Total Money Raised,Raised Amount,Currency,Address,Zip code,City
366,52cdef7c4bab8bd675297ea7,Mokitown,web,,37.09024,-95.712891,2011.0,$0,0.0,0,,,
602,52cdef7c4bab8bd675297f78,CircleUp,finance,Equity-based Crowdfunding,,,2011.0,$9M,9000000.0,USD,,,San Francisco
625,52cdef7c4bab8bd675297f94,PeekYou,search,,40.757929,-73.985506,2012.0,$1.83M,1825000.0,USD,,,New York
637,52cdef7c4bab8bd675297f9e,GENWI,mobile,Cloud Publishing for Mobile,33.8171,-111.9035,2010.0,$7.1M,7100000.0,USD,4966 El Camino Real,94022,Los Altos
661,52cdef7c4bab8bd675297fb1,headr,web,Free Facebook video chat app.,52.5013449,13.4109071,2012.0,$0,0.0,0,Ritterstr. 12-14,10969,Berlin
662,52cdef7c4bab8bd675297fb1,headr,web,Free Facebook video chat app.,,,2012.0,$0,0.0,0,Fischerstr. 13,30167,Hannover
714,52cdef7c4bab8bd675297fec,Fixya,web,Tech Support Community,37.566879,-122.323895,2013.0,$8M,8000000.0,USD,One Franklin Parkway,94401,San Mateo
739,52cdef7c4bab8bd675298009,Mobovivo,mobile,Second screen apps for TV and sports.,,,2009.0,C$1M,1000000.0,CAD,1400 700 2nd St SW,T2P 4V5,Calgary
779,52cdef7c4bab8bd675298038,alluc,games_video,,53.707739,10.023246,2009.0,$0,0.0,0,Stormarnstrasse 4,22844,Norderstedt
1177,52cdef7c4bab8bd6752981a0,Pinger,messaging,,,,2012.0,$18.5M,18500000.0,USD,97 S. 2nd Street,95113,San Jose
1228,52cdef7c4bab8bd6752981d8,Widgetbox,other,Application creation and distribution,37.798853,-122.398599,2012.0,$14.5M,14500000.0,USD,,94111,San Francisco
1233,52cdef7c4bab8bd6752981dc,RazorGator,ecommerce,online ticket reselling,34.047312,-118.445243,2011.0,$58.8M,58800000.0,USD,11150 Santa Monica Blvd. Suite 500,90025,Los Angeles
1516,52cdef7c4bab8bd67529830a,Fluc,hospitality,Your Favorite Food. Delivered Instantly.,37.454701,-122.1853756,2013.0,$0,0.0,0,1259 El Camino Real,94025,Menlo Park
1538,52cdef7c4bab8bd67529831a,Social Gaming Network,games_video,social gaming platform,37.446823,-122.161523,2011.0,$17.1M,17100000.0,USD,9570 W. Pico Blvd 3rd Floor,90035,Los Angeles
1539,52cdef7c4bab8bd67529831a,Social Gaming Network,games_video,social gaming platform,34.0698494,-118.4054182,2011.0,$17.1M,17100000.0,USD,9606 S. Santa Monica Blvd,90210,Beverly Hills
1580,52cdef7c4bab8bd675298347,YouNoodle,analytics,Competitions for startups,37.7766587,-122.395875,2010.0,$0,0.0,,330 Townsend St,94107,San Francisco
1987,52cdef7c4bab8bd6752984f4,Crootpad,games_video,Educational Games,42.091078,-88.288749,2009.0,$0,0.0,0,,60118,West Dundee
2004,52cdef7c4bab8bd675298509,Skydeck,mobile,photos social mobile messaging,37.5645375,-122.3254705,2012.0,$4M,4000000.0,USD,330 Waverley St.,94301,Palo Alto
2027,52cdef7c4bab8bd675298523,Simplicant,software,Next-gen cloud-based recruiting platform,,,2012.0,$0,0.0,0,,94403,Palo Alto
2073,52cdef7c4bab8bd675298555,Ninite,enterprise,Application Distribution platform,37.789349,-122.412893,2009.0,$0,0.0,,955 Bush St.,94109,San Francisco
2142,52cdef7c4bab8bd675298591,Handipoints,games_video,Chore point system for kids,37.772323,-122.214897,2009.0,$800k,800000.0,USD,,,Oakland
2299,52cdef7c4bab8bd675298608,Magento,ecommerce,eCommerce Platform,34.052187,-118.243425,2010.0,$22.5M,22500000.0,USD,,,Los Angeles
2370,52cdef7c4bab8bd67529865e,TeamSnap,mobile,sports teams online,,,2009.0,$5.08M,5077276.0,USD,1035 Pearl St.,80302,Boulder
2870,52cdef7c4bab8bd67529886d,Macroaxis,software,Financial Engineering Platform,37.7896292,-122.3998782,2009.0,$0,0.0,0,71 Stevenson Street,94105,San Francisco
3022,52cdef7d4bab8bd67529891c,Springleap,advertising,Brand creative social media campaigns,,,2012.0,$0,0.0,0,"42 Kloof St, 4th Flr Earlgo, Cnr Kloof St and Park St,",8005,Cape Town
3071,52cdef7d4bab8bd67529894b,Jumbuck Entertainment,mobile,,-37.817748,144.962991,2012.0,$0,0.0,0,"Level 5, 347 Flinders Lane",,Melbourne
3108,52cdef7d4bab8bd675298970,Pixsta,web,Visual Search for ecommerce,51.51819,-0.208979,2010.0,£3M,3000000.0,,9 Thorpe Close,W10 5XL,London
3212,52cdef7d4bab8bd6752989f3,FirstString,search,Prep Sports Hyperlocal Search,34.052187,-118.243425,2011.0,$200k,200000.0,USD,,,Los Angeles
3303,52cdef7d4bab8bd675298a4d,Fuzz,games_video,People Powered Radio,37.760524,-122.387799,2011.0,$0,0.0,,"3979 Freedom Circle, Suite 610",95054,Santa Clara
3771,52cdef7d4bab8bd675298c70,OneScreen,games_video,Digital video solutions partner,,,2009.0,$0,0.0,0,"310 Commerce, Suite 200",92602,Irvine
3881,52cdef7d4bab8bd675298ce2,BrandYourself,web,Take Control of Your Own Search Results,42.275263,-71.24762,2009.0,$1.5M,1500000.0,USD,120 Walker St,10013,New York
3903,52cdef7d4bab8bd675298cff,CollegeConvo,web,College Life Online,40.650291,-74.294395,2010.0,$0,0.0,0,,91411,Van Nuys
4061,52cdef7d4bab8bd675298da5,Carfeine,software,Big data automotive marketing platform,38.989124,-77.026676,2012.0,$0,0.0,0,10411 Motor City Drive,20817,Bethesda
4079,52cdef7d4bab8bd675298dba,Ziippi,web,,37.4440981,-122.1612868,2011.0,$0,0.0,,228 Hamilton Avenue,94301,Palo Alto
4083,52cdef7d4bab8bd675298dc1,Vusion,games_video,end-to-end video distribution solutions,37.412069,-121.900366,2009.0,$0,0.0,,1375 McCandless Drive,95035,Milpitas
4096,52cdef7d4bab8bd675298dcc,Titan Gaming,games_video,,53.544711,-113.515769,2010.0,$1M,1000000.0,USD,"1351 4th Street, 4th floor",90401,Santa Monica
4278,52cdef7d4bab8bd675298eb1,BitRock,software,,37.78424,-122.274771,2009.0,$0,0.0,0,"1151 Marina Village Pkwy,",94501,Alameda
4389,52cdef7d4bab8bd675298f32,Mousebreaker,games_video,Online Game Website,,,2011.0,$0,0.0,0,Hargate House Farm,DE65 5FJ,Hilton
4416,52cdef7d4bab8bd675298f55,Pixelmatic,games_video,Social Mobile Games,49.263588,-123.138565,2011.0,$0,0.0,0,,,Vancouver
4417,52cdef7d4bab8bd675298f55,Pixelmatic,games_video,Social Mobile Games,,,2011.0,$0,0.0,0,,,Shanghai
4449,52cdef7d4bab8bd675298f74,SiSense,analytics,Big Data Analytics,,,2010.0,$10M,10000000.0,USD,36 Hanamal st.,,Tel Aviv
4450,52cdef7d4bab8bd675298f74,SiSense,analytics,Big Data Analytics,,,2010.0,$10M,10000000.0,USD,14 Wall Street,,NYC
4453,52cdef7d4bab8bd675298f80,KelBillet,travel,Travel Deals,,,2009.0,€200k,200000.0,EUR,22 rue du sapeur Jouan,35000,RENNES
4534,52cdef7d4bab8bd675298fd5,JumpForward,software,,41.857204,-87.623923,2010.0,$0,0.0,0,112 S Sangmon Ave,60607,Chicago
4542,52cdef7d4bab8bd675298fe1,Gimigo,analytics,Click. Change. Done.™,44.859587,-93.226503,2013.0,$0,0.0,0,2226 Eastlake Ave E # 117,98102,Seattle
4782,52cdef7d4bab8bd675299115,OTOY,software,,34.15761,-118.424058,2010.0,$0,0.0,0,13351-D Riverside Drive,91423,Sherman Oaks
4850,52cdef7d4bab8bd67529915f,EasyBib,,,,,2011.0,$0,0.0,0,6 West 37th St,10018,New York
4965,52cdef7d4bab8bd6752991fa,N-Play,social,Real Estate Social Media Platform,30.26955,-81.564709,2011.0,$0,0.0,0,4899 Belfort Road,32256,Jacksonville
5081,52cdef7d4bab8bd675299291,SEOGroup,advertising,Search Engine Optimization,41.886264,-87.624701,2013.0,$0,0.0,0,200 North Michigan Ave,60601,Chicago
5144,52cdef7d4bab8bd6752992d8,Digimix,games_video,Music Editing Application,,,2009.0,$0,0.0,0,Main St,10044,New York
5167,52cdef7d4bab8bd6752992fc,FoodCare,web,Nutrition Insight Web Services,,,2012.0,$0,0.0,0,"455 South 4th Street, Suite 1200",40202,Louisville
5177,52cdef7d4bab8bd675299308,Advisor,enterprise,Powering Emerging Business,37.7763989,-122.4177157,2011.0,$0,0.0,0,1061 Market Street,94103,San Francisco
5178,52cdef7d4bab8bd675299308,Advisor,enterprise,Powering Emerging Business,,,2011.0,$0,0.0,0,110 Fifth Avenue,10011,New York
5318,52cdef7d4bab8bd6752993a7,Prezi,software,Presentation Software,47.490346,19.059078,2009.0,$14.3M,14260000.0,USD,Nagymező utca 54-56,1065,Budapest
5319,52cdef7d4bab8bd6752993a7,Prezi,software,Presentation Software,,,2009.0,$14.3M,14260000.0,USD,735 Montgomery Street,94111,San Francisco
5409,52cdef7d4bab8bd675299413,Garena,web,Global online gaming community,,,2009.0,$2M,2000000.0,USD,,,Singapore
5410,52cdef7d4bab8bd675299413,Garena,web,Global online gaming community,,,2009.0,$2M,2000000.0,USD,,,Taipei
5411,52cdef7d4bab8bd675299413,Garena,web,Global online gaming community,,,2009.0,$2M,2000000.0,USD,,,Hanoi
5412,52cdef7d4bab8bd675299413,Garena,web,Global online gaming community,,,2009.0,$2M,2000000.0,USD,,,Ho Chi Minh City
5456,52cdef7d4bab8bd675299444,CompareAway,web,Online Holiday Rental,54.703145,-1.574948,2009.0,£500k,500000.0,GBP,Green Lane,DL16 6JF,Durham
5535,52cdef7d4bab8bd6752994a6,GetYourGuide,travel,Booking website for tours & activities,47.3912899,8.5082891,2009.0,$16M,16000000.0,USD,GetYourGuide AG,8005,Zurich
5536,52cdef7d4bab8bd6752994a6,GetYourGuide,travel,Booking website for tours & activities,,,2009.0,$16M,16000000.0,USD,GetYourGuide GmbH,10409,Berlin
5537,52cdef7d4bab8bd6752994a6,GetYourGuide,travel,Booking website for tours & activities,,,2009.0,$16M,16000000.0,USD,GetYourGuide,89032,Las Vegas
5648,52cdef7d4bab8bd675299530,Localist,web,Blackboard for Student Activities,,,2010.0,$300k,300000.0,USD,2400 Boston St,21224,Baltimore
5711,52cdef7d4bab8bd675299583,Integrate,software,Marketing Software and Media Services,40.7481039,-74.0353787,2010.0,$34.8M,34750000.0,USD,4900 N. Scottsdale Road,85251,Scottsdale
5712,52cdef7d4bab8bd675299583,Integrate,software,Marketing Software and Media Services,,,2010.0,$34.8M,34750000.0,USD,1821 Blake St.,80202,Denver
5713,52cdef7d4bab8bd675299583,Integrate,software,Marketing Software and Media Services,,,2010.0,$34.8M,34750000.0,USD,23 Geary St,94104,San Francisco
5714,52cdef7d4bab8bd675299583,Integrate,software,Marketing Software and Media Services,,,2010.0,$34.8M,34750000.0,USD,239 South Street,01748,Hopkinton
5773,52cdef7d4bab8bd6752995d0,vufind,mobile,Interest Graph Personalization/Analytics,37.424614,-122.145153,2010.0,$930k,930000.0,USD,"1290 oakmead parkway, suite 107",94085,Sunnyvale
5808,52cdef7d4bab8bd6752995ff,travelmob,travel,Social Stay Marketplace,21.303049,-157.78907,2011.0,$1M,1000000.0,USD,71 Ayer Rajah Crescent,139951,Singapore
5817,52cdef7d4bab8bd675299609,Non-Member Films,photo_video,,33.989029,-118.462421,2012.0,$0,0.0,0,,,Venice
5818,52cdef7d4bab8bd675299609,Non-Member Films,photo_video,,42.330165,-83.045913,2012.0,$0,0.0,0,,,Detroit
5856,52cdef7d4bab8bd675299636,UsingMiles,travel,Award+Cash Travel Meta Search ,39.749671,-104.9998449,2010.0,$3.27M,3265000.0,USD,1514 Blake St,80202,Denver
6003,52cdef7d4bab8bd6752996f5,Burt,advertising,Digital Intelligence Service,59.337864,18.036587,2009.0,$3.5M,3500000.0,USD,Karl Gustavsgatan 1A,41125,Gothenburg
6204,52cdef7d4bab8bd6752997dd,Cellogic,mobile,,,,2010.0,$750k,750000.0,USD,Molcho 5,92185,Jerusalem
6249,52cdef7d4bab8bd67529980b,Inuvo,advertising,Performance-based advertising,27.913011,-82.702449,2009.0,$4.2M,4200000.0,USD,15500 Lightwave Dr.,33760,Clearwater
6259,52cdef7d4bab8bd675299826,Kidos,games_video,,40.768058,-73.956599,2011.0,$200k,200000.0,USD,"355 E. 72nd St., Suite 4E",10021,New York
6260,52cdef7d4bab8bd675299826,Kidos,games_video,,40.714056,-73.957854,2011.0,$200k,200000.0,USD,153 Roebling St.,11211,Brooklyn
6368,52cdef7d4bab8bd6752998ba,Localist,web,Blackboard for Student Activities,,,2010.0,$300k,300000.0,USD,2400 Boston St,21224,Baltimore
6429,52cdef7d4bab8bd67529990d,Integrate,software,Marketing Software and Media Services,40.7481039,-74.0353787,2010.0,$34.8M,34750000.0,USD,4900 N. Scottsdale Road,85251,Scottsdale
6430,52cdef7d4bab8bd67529990d,Integrate,software,Marketing Software and Media Services,,,2010.0,$34.8M,34750000.0,USD,1821 Blake St.,80202,Denver
6431,52cdef7d4bab8bd67529990d,Integrate,software,Marketing Software and Media Services,,,2010.0,$34.8M,34750000.0,USD,23 Geary St,94104,San Francisco
6432,52cdef7d4bab8bd67529990d,Integrate,software,Marketing Software and Media Services,,,2010.0,$34.8M,34750000.0,USD,239 South Street,01748,Hopkinton
6493,52cdef7d4bab8bd67529995a,vufind,mobile,Interest Graph Personalization/Analytics,37.424614,-122.145153,2010.0,$930k,930000.0,USD,"1290 oakmead parkway, suite 107",94085,Sunnyvale
6530,52cdef7d4bab8bd675299989,travelmob,travel,Social Stay Marketplace,21.303049,-157.78907,2011.0,$1M,1000000.0,USD,71 Ayer Rajah Crescent,139951,Singapore
6532,52cdef7d4bab8bd675299993,Non-Member Films,photo_video,,33.989029,-118.462421,2012.0,$0,0.0,0,,,Venice
6533,52cdef7d4bab8bd675299993,Non-Member Films,photo_video,,42.330165,-83.045913,2012.0,$0,0.0,0,,,Detroit
6576,52cdef7d4bab8bd6752999c0,UsingMiles,travel,Award+Cash Travel Meta Search ,39.749671,-104.9998449,2010.0,$3.27M,3265000.0,USD,1514 Blake St,80202,Denver
6723,52cdef7d4bab8bd675299a7f,Burt,advertising,Digital Intelligence Service,59.337864,18.036587,2009.0,$3.5M,3500000.0,USD,Karl Gustavsgatan 1A,41125,Gothenburg
6922,52cdef7d4bab8bd675299b67,Cellogic,mobile,,,,2010.0,$750k,750000.0,USD,Molcho 5,92185,Jerusalem
6972,52cdef7d4bab8bd675299b95,Inuvo,advertising,Performance-based advertising,27.913011,-82.702449,2009.0,$4.2M,4200000.0,USD,15500 Lightwave Dr.,33760,Clearwater
6977,52cdef7d4bab8bd675299bb0,Kidos,games_video,,40.768058,-73.956599,2011.0,$200k,200000.0,USD,"355 E. 72nd St., Suite 4E",10021,New York
6978,52cdef7d4bab8bd675299bb0,Kidos,games_video,,40.714056,-73.957854,2011.0,$200k,200000.0,USD,153 Roebling St.,11211,Brooklyn
7129,52cdef7d4bab8bd675299c72,Magoosh,web,Video-based online test prep,37.871087,-122.270913,2009.0,$0,0.0,0,2020 Milvia St,94704,Berkeley
7137,52cdef7d4bab8bd675299c7f,perceptu,web,people wired like you.â„¢,,,2009.0,$0,0.0,0,,,San Francisco
7138,52cdef7d4bab8bd675299c7f,perceptu,web,people wired like you.â„¢,,,2009.0,$0,0.0,0,,98101,Seattle
7216,52cdef7d4bab8bd675299ce5,BizEquity,other,What's your Business Worth?,,,2010.0,$0,0.0,0,435 Devon Park Drive,19087,Wayne
7217,52cdef7d4bab8bd675299ce5,BizEquity,other,What's your Business Worth?,,,2010.0,$0,0.0,0,"Av. Ibirapuera, 2907 - Moema",04029-200,Sao Paulo
7218,52cdef7d4bab8bd675299ce5,BizEquity,other,What's your Business Worth?,,,2010.0,$0,0.0,0,Rua Buenos Aires 39 2715-311 Lisboa,,
7219,52cdef7d4bab8bd675299ce5,BizEquity,other,What's your Business Worth?,,,2010.0,$0,0.0,0,638 Hougang Avenue 8 #01-103,530638,Singapore
7220,52cdef7d4bab8bd675299ce5,BizEquity,other,What's your Business Worth?,,,2010.0,$0,0.0,0,1105 N. Market Street  Suite 1800,19801,Willmington
7221,52cdef7d4bab8bd675299ce5,BizEquity,other,What's your Business Worth?,,,2010.0,$0,0.0,0,4902 E. Monte Way Phoenix,85044,
7354,52cdef7d4bab8bd675299d93,Equedia,games_video,,49.2871668,-123.1169693,2010.0,$0,0.0,0,Suite 1400 - 400 Burrard Street,V6C 3G2,Vancouver
7370,52cdef7d4bab8bd675299dae,Navara,software,,52.126616,5.038078,2012.0,$0,0.0,0,Planetenbaan 26,3606 AK,Maarssen
7489,52cdef7d4bab8bd675299e60,payByMobile,ecommerce,mobile wallet,,,2009.0,€750k,750000.0,EUR,Thomas Street,8,Dublin
7705,52cdef7d4bab8bd675299f83,Webmoblink,advertising,Web and Mobile Advertising Marketplace,25.655899,-80.424167,2010.0,$0,0.0,0,14221 Sw 120th Street,33186,Miami
7764,52cdef7d4bab8bd675299fd5,Webtab,mobile,Mobile social commerce,,,2010.0,$2M,2000000.0,USD,847 Sansome Street,94111,San Francisco
7813,52cdef7d4bab8bd67529a00e,Formspring,web,Conversational Q&A Service,39.9052263,-86.0547016,2009.0,$14.3M,14255000.0,USD,,94105,San Francisco
7901,52cdef7d4bab8bd67529a08a,isocket,advertising,Direct ad sales platform,37.55909,-122.321836,2009.0,$10.1M,10104119.0,USD,270 East Lane,94010,Burlingame
7933,52cdef7d4bab8bd67529a0b4,Emotive Communications,enterprise,mobile cloud computing,,,2011.0,$14M,13950000.0,USD,345 California Street,94104,San Francisco
8027,52cdef7d4bab8bd67529a131,Stupeflix,web,Video Creation Web Service,48.8785618,2.3603689,2009.0,$0,0.0,,,75010,Paris
8028,52cdef7d4bab8bd67529a131,Stupeflix,web,Video Creation Web Service,,,2009.0,$0,0.0,,,94110,San Francisco
8045,52cdef7d4bab8bd67529a14a,Diffbot,analytics,visual learning robot,,,2010.0,$2M,2000000.0,USD,395 Page Mill Rd,94306,Palo Alto
8048,52cdef7d4bab8bd67529a14d,Kwanzoo,software,Cloud-based Rich Media Marketing,,,2009.0,$0,0.0,0,26326 Esperanza Dr,94022,Los Altos Hills
8170,52cdef7d4bab8bd67529a1e3,Yipit,web,Every deal. One place.,40.744618,-73.987764,2010.0,$7.55M,7550000.0,USD,3 W 18th,10011,New York
8320,52cdef7e4bab8bd67529a29f,StudyBlue,education,StudyBlue is your online home to store l,43.068006,-89.39256,2009.0,$18.5M,18453939.0,USD,612 W. Main St.,53703,Madison
8354,52cdef7e4bab8bd67529a2d5,fruux,web,"Syncs Contacts, calender and tasks",51.9630088,7.6267552,2010.0,$0,0.0,,,48143,Muenster
8502,52cdef7e4bab8bd67529a38a,Cyphercor,security,Secure mobile authentication,45.3485325,-75.9204125,2011.0,$0,0.0,0,555 Legget Drive,K2K 2X3,Kanata
8541,52cdef7e4bab8bd67529a3b8,Clowdy,web,Social media sharing platform,53.4837067,-2.2439492,2013.0,$0,0.0,0,"3rd Floor, The Corn Exchange, Exchange Square",M4 3TR,Manchester
8638,52cdef7e4bab8bd67529a44c,Storenvy,ecommerce,"""Tumblr for E-commerce""",,,2009.0,$6.53M,6525000.0,USD,2111 Mission St,94110,San Francisco
8667,52cdef7e4bab8bd67529a471,Carsala,web,used car buying service,37.870457,-122.268354,2009.0,$0,0.0,0,2140 Shattuck Avenue,94704,Berkeley
8727,52cdef7e4bab8bd67529a4b2,HyperWeek,social,Social Networks ,46.2121463,6.1503245,2009.0,$1.31M,1310000.0,USD,Rue de la Colline 10,1205,Geneva
8755,52cdef7e4bab8bd67529a4d8,LaunchPad Coworking,other,,30.269967,-97.740833,2009.0,$0,0.0,0,800 Brazos,78701,Austin
8819,52cdef7e4bab8bd67529a532,Queralt,enterprise,,41.4778641,-72.8190106,2011.0,$650k,650000.0,USD,250 State Street,06473,North Haven
8866,52cdef7e4bab8bd67529a574,BookingBug,software,Online Bookings & Appointments ,,,2009.0,$350k,350000.0,USD,418-422 Strand,WC2R 0PT,London
9118,52cdef7e4bab8bd67529a68e,FeedHenry,enterprise,Mobile Application Platform,,,2010.0,$9M,9000000.0,USD,ArcLabs Research & Innovation Building,Waterford,Waterford
9119,52cdef7e4bab8bd67529a68e,FeedHenry,enterprise,Mobile Application Platform,42.4851017,-71.2089211,2010.0,$9M,9000000.0,USD,15 New England Executive Park,01803,Burlington
9160,52cdef7e4bab8bd67529a6bb,StyleHop,hardware,Fashion Demand Forecasting,,,2009.0,$570k,570000.0,USD,54 Collinwood Rd,07040-1038,Maplewood
9195,52cdef7e4bab8bd67529a6e9,Social1000,network_hosting,,61.216583,-149.899597,2009.0,$0,0.0,0,,,Seattle
9196,52cdef7e4bab8bd67529a6e7,WhosCall,mobile,Call Filtering App,,,2013.0,$0,0.0,0,,,Taipei
9232,52cdef7e4bab8bd67529a716,Unison Technologies,software,"Fast, secure teamwork platform",40.7645772,-73.9799007,2011.0,$0,0.0,0,"424 W 33rd Street, Suite 410",10001,New York
9250,52cdef7e4bab8bd67529a72a,NetCitadel,security,Automated Threat Response Technology,44.867343,-72.114442,2011.0,$0,0.0,0,2513 E. Charleston Rd.,94043,Mountain View
9265,52cdef7e4bab8bd67529a73a,Jolicloud,enterprise,Cloud management platform,48.8566667,2.3509871,2009.0,$4.2M,4200000.0,USD,,,Paris
9294,52cdef7e4bab8bd67529a75f,Tengaged,games_video,Reality social and gaming network,41.4241228,2.1634249,2010.0,$15k,15000.0,USD,C/Pedrell,08032,Barcelona
9444,52cdef7e4bab8bd67529a805,Reachoo,software,,26.2480738,-80.135487,2010.0,$0,0.0,0,1557 NW 7th Ln,33060,Pompano Beach
9451,52cdef7e4bab8bd67529a810,Avenir Medical,biotech,,,,2010.0,$4.03M,4025000.0,USD,295 Hagey Blvd,N2L 6R5,"Waterloo, ON"
9531,52cdef7e4bab8bd67529a872,Indee,games_video,Film reaching far.,37.8053241,-122.4052761,2010.0,$0,0.0,0,1750 Montgomery St,94133,San Francisco
9596,52cdef7e4bab8bd67529a8ca,LoveAccess,other,,42.166398,-70.884948,2012.0,$0,0.0,0,77 Accord Park Drive Unit C-2,02061,Norwell
9598,52cdef7e4bab8bd67529a8ce,Revenue Architects,consulting,,,,2009.0,$0,0.0,0,24 Federal St,02110,Boston
9648,52cdef7e4bab8bd67529a906,JumpFox,consulting,Interactive / Mobile / Strategy,,,2009.0,$0,0.0,0,544 Natoma,94103,San Francisco
9731,52cdef7e4bab8bd67529a964,Newstree,analytics,,,,2012.0,$0,0.0,0,,,Zurich
9906,52cdef7e4bab8bd67529aa48,Do You Wanna Hook Up?,web,Dating Match Notification App,40.5889016,-73.9447994,2009.0,$0,0.0,0,,11235,New York
9908,52cdef7e4bab8bd67529aa47,GymFu,web,iPhone Fitness Games,50.841938,-1.7884785,2009.0,$0,0.0,0,7 Duck Island Lane,BH24 3AA,"Ringwood, Hampshire"
9939,52cdef7e4bab8bd67529aa7b,Twiturm,games_video,Music Sharing on Twitter,,,2009.0,$0,0.0,0,,,Tampa
9940,52cdef7e4bab8bd67529aa7d,Wappalyzer,software,Software Distribution Tracking,52.3624655,5.2025569,2009.0,$0,0.0,0,Postbus 352,3000,Rotterdam
9984,52cdef7e4bab8bd67529aaa9,facelovefinder,web,Dating Service,25.5230058,-103.4174464,2009.0,$0,0.0,0,Manzanos 151-C,,"Torreon, Coahuila"
10001,52cdef7e4bab8bd67529aabe,Infor,enterprise,,40.740976,-73.9947229,2009.0,$0,0.0,,641 Avenue of the Americas,10011,New York
10025,52cdef7e4bab8bd67529aae4,eCampusCash,web,Print & SMS discount Coupons,40.650291,-74.294395,2010.0,$0,0.0,0,,,Van Nuys
10093,52cdef7e4bab8bd67529ab2f,ScaleMP,software,Virtualization for high end computing,37.3229727,-122.0385792,2009.0,$8M,8000000.0,USD,20863 Stevens Creek Blvd.,95014,Cupertino
10142,52cdef7e4bab8bd67529ab61,Otalo,web,Vacation Rental Search Engine,42.3756007,-72.4436464,2009.0,$0,0.0,0,Suite 206-185,01002,Amherst
10189,52cdef7e4bab8bd67529aba7,mysoogal,games_video,Video Streaming,,,2009.0,$0,0.0,0,none,unlisted,none
10196,52cdef7e4bab8bd67529abab,Digital Meld,web,Technology Blog,29.714229,-95.527479,2009.0,$0,0.0,0,8215 Sands Point Drive,77036,Houston
10214,52cdef7e4bab8bd67529abc2,VisualOn,software,Multimedia Software,37.270518,-121.955879,2011.0,$3.1M,3100000.0,USD,4675 Stevens Creek Blvd,95051,Santa Clara
10222,52cdef7e4bab8bd67529abd5,Twtapps,web,Business Social Media Tools,45.4928591,-73.5825418,2009.0,$0,0.0,0,,H2Y0A4,Montreal
10226,52cdef7e4bab8bd67529abd9,Heyzap,games_video,Social Discovery Platform,37.7905538,-122.4041485,2009.0,$7.97M,7965000.0,USD,"3rd Floor, 251 Kearny Street",94108,San Francisco
10246,52cdef7e4bab8bd67529abf3,iShopWiser,ecommerce,Social Shopping and Suggestions,42.610112,-71.442225,2009.0,$0,0.0,0,4 Lakeside Terr,01886,Westford
10247,52cdef7e4bab8bd67529abf5,Talk to a Celeb,other,Celebrities and Social Bookmarking,34.423403,-119.704416,2009.0,$0,0.0,0,,,Santa Barbara
10286,52cdef7e4bab8bd67529ac2f,Meez,hardware,Avatar community site,37.785271,-122.397582,2009.0,$10.2M,10200000.0,USD,"620 Folsom St, Suite 350",94107,San Francisco
10439,52cdef7e4bab8bd67529acf9,Pilus Energy,cleantech,Alternative cleantech energy platform,39.0714909,-84.3857442,2009.0,$0,0.0,0,3130 Highland Ave,45219,Cincinnati
10440,52cdef7e4bab8bd67529acf9,Pilus Energy,cleantech,Alternative cleantech energy platform,,,2009.0,$0,0.0,0,535 Madison Ave,41011,Covington
10441,52cdef7e4bab8bd67529acf9,Pilus Energy,cleantech,Alternative cleantech energy platform,,,2009.0,$0,0.0,0,PO Box 30085,45230,Cincinnati
10521,52cdef7e4bab8bd67529ad55,About Me!,,,37.755068,-122.418026,2009.0,$0,0.0,0,"2601 Mission St,",94110,
10578,52cdef7e4bab8bd67529ad99,Ninth Division,mobile,Mobile & Web Software,,,2009.0,$0,0.0,0,,68130,Omaha
10641,52cdef7e4bab8bd67529adcf,GrouperEye,web,Job Postings for students,38.9169394,-77.0852258,2009.0,$0,0.0,0,,20007,Washington
10686,52cdef7e4bab8bd67529ae0f,MyFolio,network_hosting,,37.317649,-121.948532,2009.0,$0,0.0,0,560 S. Winchester Blvd.,95128,San Jose
10701,52cdef7e4bab8bd67529ae15,Skilto,ecommerce,Social skilled people directory,50.837051,4.367612,2009.0,$0,0.0,0,,,Brussels
10746,52cdef7e4bab8bd67529ae45,ikywim creative,advertising,"Web Design, Print Design and Branding",28.621704,-81.290729,2009.0,$0,0.0,0,7369 Grand Ave,32792,Winter Park
10752,52cdef7e4bab8bd67529ae4f,iplotz,public_relations,Web Design Mockups,39.0832204,-78.218254,2009.0,$0,0.0,0,5395 Main Street,22655,Stephens City
10818,52cdef7e4bab8bd67529ae98,WebriQ,network_hosting,Cloud based WebContent Management System,,,2010.0,$0,0.0,0,8 Cross Street,,Singapore
10824,52cdef7e4bab8bd67529ae9f,Talari Networks,enterprise,Enterprise networking gear,37.317735,-121.949417,2009.0,$45.1M,45100000.0,USD,550 S. Winchester Blvd.,95128,San Jose
10825,52cdef7e4bab8bd67529ae9f,Talari Networks,enterprise,Enterprise networking gear,35.8535092,-78.8267112,2009.0,$45.1M,45100000.0,USD,1100 Perimeter Park Dr,27560,Morrisville
10873,52cdef7e4bab8bd67529aed9,Isai,finance,,,,2009.0,$33M,33000000.0,USD,10 bis avenue de la grande armee,75017,paris
10915,52cdef7e4bab8bd67529af0b,Zammr,network_hosting,Web applications,42.7904907,-86.0667227,2009.0,$0,0.0,0,955 est. 8th st.,49423,Holland
10937,52cdef7e4bab8bd67529af21,Interacto,web,Contact and media management,51.3673409,5.5858466,2009.0,$0,0.0,0,de Boelakkers 4,5591 TD,Heeze
10944,52cdef7e4bab8bd67529af26,Asurrent,web,Online Rent Payments,34.013247,-84.495636,2009.0,$0,0.0,0,2550 Sandy Plains Road,30066,Marietta
10945,52cdef7e4bab8bd67529af1f,Shutl,ecommerce,,51.5196135,-0.1020265,2009.0,£7.66M,7660000.0,GBP,"11 Curtain Road,",EC2A3LT,London
10967,52cdef7e4bab8bd67529af49,Ontology2,web,Specialized Web Communities,42.362886,-76.356869,2009.0,$0,0.0,0,472 Central Chapel Rd,14817,Brooktondale
10978,52cdef7e4bab8bd67529af59,Music For Busy People,games_video,Private Music Streaming and Sharing,40.727763,-73.976169,2009.0,$0,0.0,0,Avenue C,10009,New York City
10997,52cdef7e4bab8bd67529af76,Centillion,public_relations,"Graphic Design, Product Branding",43.5141923,16.4389264,2009.0,$0,0.0,0,GunduliÄ‡eva 26A,21000,Split
11000,52cdef7e4bab8bd67529af77,alteregoweb,web,Customized Programming,42.2674977,2.9608395,2009.0,$0,0.0,0,"Avda. Maria Àngels Anglada,",17600,"Figueres, Girona"
11021,52cdef7e4bab8bd67529af8e,Milabra,,,40.743616,-73.9880796,2009.0,$0,0.0,0,220 Fifth Ave.,10001,New York
11060,52cdef7e4bab8bd67529afb7,D-Modules,web,Widget Developing,,,2009.0,$0,0.0,0,,,
11065,52cdef7e4bab8bd67529afbb,kinDragon,software,Internet Centric Systems,27.4081935,-82.5294065,2010.0,$0,0.0,0,,34243,Sarasota
11082,52cdef7e4bab8bd67529afcc,HREF,web,Short URL service,,,2009.0,$0,0.0,0,"Ramon Fort 8, Block 2, 1C",,Madrid
11145,52cdef7e4bab8bd67529b019,CanvasGrafix,web,Wall Art Creation,38.675833,-90.482766,2009.0,$0,0.0,0,824 Montmartre Court,63141,St. Louis
11147,52cdef7e4bab8bd67529b015,VouChaCha,mobile,Location based Coupons,51.5001524,-0.1262362,2009.0,$0,0.0,0,,SE1 2NQ,London
11158,52cdef7e4bab8bd67529b028,mogamebo,mobile,Mobile Gaming,,,2009.0,$0,0.0,0,"g6,hexolabs,sidbi",208016,"Kanpur,up"
11205,52cdef7e4bab8bd67529b058,Carmony,web,Car Selection Service,,,2009.0,$0,0.0,0,,,
11236,52cdef7e4bab8bd67529b084,PerSquareFeet,web,Real Estate Portal,,,2009.0,$0,0.0,0,,560092,Bangalore
11239,52cdef7e4bab8bd67529b087,Travellr,web,,,,2009.0,$0,0.0,0,,,Sydney
11253,52cdef7e4bab8bd67529b0ad,Rouse Media,public_relations,MultiMedia Campaign consulting,52.4087359,-1.4761532,2009.0,$0,0.0,0,66 Druid Road,CV2 4AT,Coventry
11283,52cdef7e4bab8bd67529b0d1,Reflect7,mobile,Mobile Software Development,40.802858,-96.694751,2009.0,$0,0.0,0,1818 'D' STREET,68502,Lincoln
11297,52cdef7e4bab8bd67529b0e2,DediServe,network_hosting,Cloud Provider,,,2009.0,€1M,1000000.0,EUR,The Gasworks,,Belfast
11298,52cdef7e4bab8bd67529b0e2,DediServe,network_hosting,Cloud Provider,,,2009.0,€1M,1000000.0,EUR,13 Upper Baggot Street,,Dublin
11299,52cdef7e4bab8bd67529b0e2,DediServe,network_hosting,Cloud Provider,,,2009.0,€1M,1000000.0,EUR,2225 Bayshore Road,CA 94303,Palo Alto
11309,52cdef7e4bab8bd67529b0f2,Tinychat,web,"In-Browser Audio, Video Chat",42.3756409,-72.5196907,2009.0,$1.5M,1500000.0,USD,PO Box 431,11542,Glen Cove
11324,52cdef7e4bab8bd67529b100,Transifex,software,GitHub for Translations,37.4513629,-122.1842112,2009.0,$0,0.0,0,1050 Chestnut Street,94025,Menlo Park
11325,52cdef7e4bab8bd67529b103,CSRware,enterprise,Sustainability Resourceful Management,,,2009.0,$250k,250000.0,USD,"564 Market Street, Suite 607",94104,San Francisco
11326,52cdef7e4bab8bd67529b108,completelyprivatefiles,security,File Encryption,43.5408,-116.5625,2009.0,$0,0.0,0,P.O. Box 3114,83653-3114,Nampa
11391,52cdef7e4bab8bd67529b158,BASH Gaming,games_video,Social Mobile Casino Games,37.5561712,-122.0780632,2010.0,$1M,1000000.0,USD,,94555,Fremont
11392,52cdef7e4bab8bd67529b158,BASH Gaming,games_video,Social Mobile Casino Games,12.971606,77.594376,2010.0,$1M,1000000.0,USD,,,Bangalore
11398,52cdef7e4bab8bd67529b15b,Plupper,enterprise,,50.0528269,14.5120024,2009.0,$0,0.0,0,Mattioliho 3274/7,10600,Prague
11415,52cdef7e4bab8bd67529b16f,BidPlace SB,advertising,Self Service Banner Ads,39.274034,-76.5908291,2009.0,$0,0.0,0,1020 Hull St,21212,Baltimore
11422,52cdef7e4bab8bd67529b17c,imFORZA Marketing,advertising,Internet Marketing,33.92854,-118.397818,2009.0,$0,0.0,0,235 California Street,90245,El Segundo
11428,52cdef7e4bab8bd67529b186,Coralmap,,,,,2009.0,$0,0.0,0,5 J. GalvydÅ¾io gatvÄ—,LT-08236,Vilnius
11482,52cdef7e4bab8bd67529b1ce,Startup Revival,public_relations,Directory of Deadpooled Startups,37.775196,-122.419204,2009.0,$0,0.0,0,,,San Francisco
11487,52cdef7e4bab8bd67529b1d5,IamStocks,other,Links news to stock movement,25.8945858,-80.1622525,2009.0,$0,0.0,0,12864 Biscayne Blvd,33181,North Miami
11492,52cdef7e4bab8bd67529b1d9,Tech Profuse,ecommerce,Is an Information technology company,45.0062594,-93.0914376,2009.0,$0,0.0,0,"235, County Road,",55117,Little Canada
11493,52cdef7e4bab8bd67529b1d9,Tech Profuse,ecommerce,Is an Information technology company,,,2009.0,$0,0.0,0,"# 103, My Home Laxmi Nivas",500016,Hyderabad
11494,52cdef7e4bab8bd67529b1d9,Tech Profuse,ecommerce,Is an Information technology company,,,2009.0,$0,0.0,0,"Orion House,104-106, Cranbrook Road",IG1 4LZ,Ilford Essex
11504,52cdef7e4bab8bd67529b1e4,CitySpur,public_relations,A Premium Online Business Directory,33.487056,-111.909805,2009.0,$0,0.0,0,3370 N Hayden Rd,85251,Scottsdale
11526,52cdef7e4bab8bd67529b1f6,AppNeta,software,IT Performance Management,42.318138,-71.24756,2010.0,$55.8M,55799998.0,USD,285 Summer Street,02127,SOUTH BOSTON
11532,52cdef7e4bab8bd67529b208,GreenITers,cleantech,Japanese CleanTech News ,37.443,-122.159291,2009.0,$0,0.0,0,,0000,Tokyo
11552,52cdef7e4bab8bd67529b21e,AnyPrice,ecommerce,"OverStock, Rejects, Seconds & Used Stuff",,,2009.0,$0,0.0,0,16-11-310/6/1/1A,500036,Hyderabad
11560,52cdef7e4bab8bd67529b22a,AppZero,software,application migration software,42.6751888,-71.1469003,2009.0,$15.1M,15100000.0,USD,300 Brickston Sq.,01810,Andover
11564,52cdef7e4bab8bd67529b232,betterchange,consulting,Change management,50.5777223,8.675371,2009.0,$0,0.0,0,Riegelpfad 68,35392,GieÃŸen
11576,52cdef7e4bab8bd67529b23c,PebbleForge,software,PebbleForge IT Solutions and Service,9.9396253,76.2594981,2009.0,$0,0.0,0,,,"KOCHI, KERALA"
11578,52cdef7e4bab8bd67529b23f,TwitterCorp,web,List of CEOs and Companies using Twitter,46.0439,-118.378229,2009.0,$0,0.0,0,,99324,College Place
11592,52cdef7e4bab8bd67529b261,Action Sports Branding,ecommerce,Action Sports Online Marketing Agency,42.3983662,-71.0213788,2009.0,$0,0.0,0,60 Dudley Street,02150,Boston
11595,52cdef7e4bab8bd67529b266,RealUp,ecommerce,Commercial real estate listing website,35.7892464,-78.7252479,2009.0,$0,0.0,0,5995 Chapel Hill Rd,27607,Raleigh
11632,52cdef7e4bab8bd67529b291,Founder Institute,other,Start-Up Accelerator,,,2009.0,$0,0.0,0,548 Market St # 30380,94104,San Francisco
11660,52cdef7e4bab8bd67529b2a6,MyLikes,advertising,Advertising platform for the people web,37.777995,-122.408914,2010.0,$6.23M,6230000.0,USD,"1000 Brannan St, #502",94103,San Francisco
11661,52cdef7e4bab8bd67529b2ab,Clasilistados,advertising,Online Ads in USA for Spanish Speakers,37.515853,-122.3050823,2009.0,$0,0.0,0,P.O. Box 722,94002-0722,Belmont
11672,52cdef7e4bab8bd67529b2b3,The Vertical Action Group,consulting,Interim Executive Management,37.7983181,-122.4000032,2009.0,$0,0.0,0,,94111,San Francisco
11713,52cdef7e4bab8bd67529b2dc,Simulmedia,advertising,TV advertising company,40.727216,-73.994797,2009.0,$57.3M,57250008.0,USD,670 Broadway,10012,New York
11714,52cdef7e4bab8bd67529b2de,Topify,web,,,,2012.0,$0,0.0,0,,,
11715,52cdef7e4bab8bd67529b2d9,Cognitive Match,advertising,LET’S GET RELEVANT,51.5119418,-0.0936688,2009.0,$10.2M,10150000.0,USD,33/14 Great Saint Thomas Apostle,EC4V 2BB,London
11716,52cdef7e4bab8bd67529b2d9,Cognitive Match,advertising,LET’S GET RELEVANT,40.7454098,-73.9822211,2009.0,$10.2M,10150000.0,USD,475 Park Ave S,10016,New York
11717,52cdef7e4bab8bd67529b2d9,Cognitive Match,advertising,LET’S GET RELEVANT,37.380653,-122.1156934,2009.0,$10.2M,10150000.0,USD,4 West 4th St,94402,Palo Alto
11718,52cdef7e4bab8bd67529b2d9,Cognitive Match,advertising,LET’S GET RELEVANT,41.2601663,-96.0791435,2009.0,$10.2M,10150000.0,USD,10824 Old Mill Road,68154,Omaha
11724,52cdef7e4bab8bd67529b2f0,Tenant Txt,mobile,Contact tenants by text and emails,29.733947,-95.5393869,2009.0,$0,0.0,0,,77063,Houston
11728,52cdef7e4bab8bd67529b2f3,4shared,network_hosting,Online File Storage,,,2011.0,$0,0.0,0,"Graigmuir Chambers, Road Town",,Tortola
11738,52cdef7e4bab8bd67529b308,VideoCustomizer,public_relations,create video ads ,40.778334,-73.9453758,2009.0,$0,0.0,0,1702,10154,New York
11739,52cdef7e4bab8bd67529b308,VideoCustomizer,public_relations,create video ads ,,,2009.0,$0,0.0,0,,,
11741,52cdef7e4bab8bd67529b306,rent2friend,web,Renting Portal,51.5001524,-0.1262362,2009.0,$0,0.0,0,,,London
11744,52cdef7e4bab8bd67529b30a,Wolfram Alpha,web,Computational Knowledge Engine,40.097071,-88.245638,2009.0,$0,0.0,0,100 Trade Center Drive,61820-7237,Champaign
11765,52cdef7e4bab8bd67529b32d,Gridstore,network_hosting,Hyper-V Software Defined Storage,37.4189073,-122.0884286,2009.0,€25M,25000000.0,EUR,1975 Lndings Drive,94043,Mountain View
11778,52cdef7e4bab8bd67529b33c,VitalLock,web,Secure Messaging Escrow Platform,42.362856,-71.083762,2009.0,$0,0.0,0,One Broadway,02142,Cambridge
11802,52cdef7e4bab8bd67529b360,MYiLIVE,ecommerce,Local Shopping Marketplace,,,2009.0,$0,0.0,0,,,
11814,52cdef7e4bab8bd67529b373,Honk,web,social car shopping and buying online ,,,2009.0,$0,0.0,,625 Second Street,94107,San Francisco
11847,52cdef7e4bab8bd67529b386,OBE Pro,software,Home Business Software,28.1524632,-80.5883964,2009.0,$0,0.0,0,1010 Pinetree Dr,32937,Indian Harbour Beach
11875,52cdef7e4bab8bd67529b3a4,Harkopen,cleantech,Open source hardware community,,,2009.0,$0,0.0,0,Aleea Ilioara nr 10,032125,Bucharest
11879,52cdef7e4bab8bd67529b3a8,Taggify,advertising,Monetize websites through ads in content,,,2011.0,$1M,1000000.0,USD,Concepcion Arenal 3425,1414,Buenos Aires
11890,52cdef7e4bab8bd67529b3b7,Tweetizen,other,Create and share Twitter Groups,49.2685125,-123.1783566,2009.0,$0,0.0,0,3333 W4th Ave,,Vancouver
11894,52cdef7e4bab8bd67529b3ba,Internet Marketing Academy Australia,other,De-mystifying Internet Marketing,-37.839941,144.976425,2009.0,$100k,100000.0,USD,458 St Kilda Road,3004,Melbourne
11904,52cdef7e4bab8bd67529b3be,thredUP,fashion,Fashion resale online,,,2009.0,$25.8M,25820000.0,USD,580 Market Street,94104,San Francisco
11914,52cdef7e4bab8bd67529b3cb,IndiMedicos,other,Community for doctors,12.971606,77.594376,2009.0,$0,0.0,0,,,Bangalore
11937,52cdef7e4bab8bd67529b3da,IrishCentral,public_relations,Irish community website,40.74828,-73.989276,2009.0,$0,0.0,0,875 Sixth Avenue,10001,New York
11950,52cdef7e4bab8bd67529b3e7,Cloudkick,enterprise,Cloud Management Tool,,,2009.0,$2.75M,2750000.0,USD,,,San Francisco
11951,52cdef7e4bab8bd67529b3ed,Blippitt,news,Viral Videos & More,39.4157,-76.6096,2009.0,$0,0.0,0,P.O. Box 19071,21284,Baltimore
11970,52cdef7e4bab8bd67529b40c,Cuteness Pet Community,web,Pet Community,33.989029,-118.462421,2009.0,$0,0.0,0,,,Venice
11974,52cdef7e4bab8bd67529b40d,yiid,web,Social Media Monitor and Identity Hub,49.5507557,8.6759098,2009.0,$0,0.0,0,Grundelbachstr. 84,69469,Weinheim
12001,52cdef7e4bab8bd67529b43e,Mashed jobs,web,Online Marketplace for Job searches,42.3584308,-71.0597732,2009.0,$0,0.0,,Boston,,
12008,52cdef7e4bab8bd67529b449,Memetales,games_video,,,,2010.0,$100k,100000.0,USD,,98007,Bellevue
12009,52cdef7e4bab8bd67529b438,Foursquare,mobile,Location based mobile network,,,2009.0,$147M,147350000.0,USD,568 Broadway,10012,New York
12010,52cdef7e4bab8bd67529b438,Foursquare,mobile,Location based mobile network,,,2009.0,$147M,147350000.0,USD,363 Clementina St,94013,San Francisco
12024,52cdef7e4bab8bd67529b462,Guias Local,search,Local Search,28.7029,-81.3387,2009.0,$0,0.0,0,P.O. Box 916533,32791,Longwood
12049,52cdef7e4bab8bd67529b482,StoreBlogs,other,Business Blogs by StoreBlogs.com,47.6859063,-122.141024,2009.0,$0,0.0,0,14953 NE 95th Street,98052,Redmond
12050,52cdef7e4bab8bd67529b480,PathMotion,web,Stealth,48.8704331,2.3449804,2009.0,$0,0.0,0,14-16 rue Soleillet,75020,Paris
12081,52cdef7e4bab8bd67529b4b5,Telegram Stop,web,On-line Telegrams,,,2009.0,$0,0.0,0,Stop 268 Victoria Rd  VIC 3071,VIC 3071,Thornbury
12086,52cdef7e4bab8bd67529b4bd,Fotomina,web,Online stock photography microstock,60.123399,24.4280745,2009.0,$0,0.0,0,EerikintÃ¶rmÃ¤ 2 C 26,02400,Kirkkonummi
12098,52cdef7e4bab8bd67529b4ca,IBWIRE Inc,advertising,Press Release Distribution,37.7944822,-122.4030739,2009.0,$0,0.0,0,550 Montgomery street #208,94111,San Francisco
12120,52cdef7e4bab8bd67529b4eb,Setster,software,Online Calendar and Appointment App,34.0909811,-118.325739,2009.0,$0,0.0,0,,90038,Hollywood
12131,52cdef7e4bab8bd67529b501,GameChanger Media,software,Digital platform for amateur sports.,40.7078343,-74.0136605,2009.0,$3.64M,3637657.0,USD,86 Chambers St,10007,New York
12169,52cdef7e4bab8bd67529b52e,Z2Live,games_video,Mobile Games,47.6103008,-122.3399782,2009.0,$6.5M,6499999.0,USD,1601 2nd Ave,98101,Seattle
12182,52cdef7e4bab8bd67529b543,Gate 53|10 Technologies,web,Enhanced web browsing,53.5736401,10.0184565,2009.0,€141k,141000.0,,Arndtstr 18-20,22085,Hamburg
12183,52cdef7e4bab8bd67529b544,Yazzem,,,,,2009.0,$0,0.0,0,,,
12184,52cdef7e4bab8bd67529b544,Yazzem,,,,,2009.0,$0,0.0,0,,,
12191,52cdef7e4bab8bd67529b54e,Y Media Labs,mobile,"iOS, Android, Blackberry App Development",37.494561,-122.229097,2009.0,$0,0.0,0,370 Convention Way,94063,Redwood City
12212,52cdef7e4bab8bd67529b557,PunchT,web,Time tracking app,54.6893865,25.2800243,2009.0,$0,0.0,0,,,Vilnius
12221,52cdef7e4bab8bd67529b567,RockDex,web,Music Social Web Measurement,41.259751,-95.942336,2009.0,$0,0.0,0,,,Omaha
12222,52cdef7e4bab8bd67529b567,RockDex,web,Music Social Web Measurement,,,2009.0,$0,0.0,0,,,Kansas City
12223,52cdef7e4bab8bd67529b56a,Colligent,,,,,2009.0,$0,0.0,0,9266 227th Avenue NE,98053,Redmond
12231,52cdef7e4bab8bd67529b572,Tongal,web,Creative Network,34.007112,-118.489748,2009.0,$16M,16000000.0,USD,1918 Main Street,90405,Santa Monica
12249,52cdef7e4bab8bd67529b58d,Pict,ecommerce,Image hosting,,,2012.0,$1.4M,1400000.0,USD,,94105,San Francisco
12254,52cdef7e4bab8bd67529b599,Rhyme Library,mobile,Old School Hip Hop Downloads,38.2571486,-85.7617724,2009.0,$0,0.0,0,720 West Main St,40202,Louisville
12258,52cdef7e4bab8bd67529b591,oneforty,enterprise,Social business hub,42.364014,-71.101375,2009.0,$2.35M,2345000.0,USD,"614 Massachusetts Ave, Suite 203",02139,Cambridge
12300,52cdef7e4bab8bd67529b5db,Earthenhive Architects,other,Architects and Interior Designs,13.014823,77.6503104,2009.0,$0,0.0,0,"No.37 SriBhooma, 17th cross,",560055,Bangalore
12301,52cdef7e4bab8bd67529b5dc,Blog Traffic Exchange,web,Increase Relevant Blog Traffic,37.4484914,-122.1802812,2009.0,$0,0.0,0,,94025,Menlo Park
12337,52cdef7e4bab8bd67529b5fc,Chartbeat,analytics,Realtime Web analytics,40.73343,-73.990967,2009.0,$14.5M,14475000.0,USD,826 Broadway,10003,New York
12338,52cdef7e4bab8bd67529b608,TweetPhoto,web,Real-time photo sharing platform,,,2009.0,$2.6M,2600000.0,USD,,,San Diego
12343,52cdef7e4bab8bd67529b614,crush tweet,software,twitter api startup,32.920073,-96.740444,2009.0,$0,0.0,0,9221 amberton pkwy #238,75243,dallas
12344,52cdef7e4bab8bd67529b613,Aigc middleast,public_relations,integrated communication,32.920073,-96.740444,2009.0,$0,0.0,0,9221 amberton pkwy,75243,dallas
12345,52cdef7e4bab8bd67529b613,Aigc middleast,public_relations,integrated communication,,,2009.0,$0,0.0,0,20629,111181,Amman
12358,52cdef7e4bab8bd67529b625,One Kings Lane,ecommerce,Private Home Decor Sales,,,2009.0,$113M,113000000.0,,1355 Market St,94103,San Francisco
12359,52cdef7e4bab8bd67529b625,One Kings Lane,ecommerce,Private Home Decor Sales,,,2009.0,$113M,113000000.0,,205 Hudson Street,10013,New York
12360,52cdef7e4bab8bd67529b625,One Kings Lane,ecommerce,Private Home Decor Sales,,,2009.0,$113M,113000000.0,,9560 Wilshire Boulevard,90212,Beverly Hills
12364,52cdef7e4bab8bd67529b635,Eggosbase,ecommerce,Online Classifieds,,,2009.0,$0,0.0,0,Virginia USA,,
12370,52cdef7e4bab8bd67529b640,Trigora,web,Business Software Comparisons,-37.742893,145.065044,2009.0,$0,0.0,0,PO Box 691,3084,Rosanna
12373,52cdef7e4bab8bd67529b643,Talent Spree,web,social network focused on talents,38.765172,-75.211743,2009.0,$0,0.0,0,16192 Coastal Highway,19958,Lewes
12381,52cdef7e4bab8bd67529b64c,Novelion Media,enterprise,Video Digitization and Archiving ,61.0626853,28.0978108,2009.0,$0,0.0,0,Laserkatu 6,53850,Lappeenranta
12391,52cdef7e4bab8bd67529b653,RipCloud,network_hosting,Wordpress Cloud Hosting Experts,37.7581148,-122.4184108,2012.0,$0,0.0,0,,,
12405,52cdef7e4bab8bd67529b666,Weebiz,ecommerce,World wide business community ,39.7366963,-8.7985658,2009.0,$0,0.0,0,Rua Miguel Torga nÂº 137,2410-134,Leiria
12415,52cdef7e4bab8bd67529b675,Brandsclub,ecommerce,Private Sales Club,-23.5489433,-46.6388182,2009.0,$17M,17000000.0,USD,,,Sao Paulo
12418,52cdef7e4bab8bd67529b67b,Search PDF Books,search,PDF Books Search Tool,,,2009.0,$0,0.0,0,,,
12426,52cdef7e4bab8bd67529b68c,CineSoft,software,software development ,55.7794043,37.6899674,2009.0,$0,0.0,0,Perevedenovsky pereulok 18,105082,Moscow
12440,52cdef7e4bab8bd67529b681,Plug in SEO,enterprise,simplifying search engine optimisation,51.5001524,-0.1262362,2012.0,$0,0.0,0,,,London
12467,52cdef7e4bab8bd67529b6b9,CoTweet,advertising,Enterprise client for Twitter,37.7405936,-122.3764714,2009.0,$1.1M,1100000.0,USD,Pier 38,94107,San Francisco
12470,52cdef7e4bab8bd67529b6c0,Antelink,software,,48.8524775,2.3660117,2009.0,$0,0.0,0,18 rue Yves Toudic,75010,Paris 10Ã¨me
12492,52cdef7e4bab8bd67529b6d1,MyHandle,public_relations,S.P.O.C. & Email Handling,49.1856229,-2.1077539,2009.0,$0,0.0,0,18-20 Dumaresq Street,JE2 3RL,Jersey
12533,52cdef7e4bab8bd67529b708,HD Cloud,other,Video technology service provider,40.7391853,-73.9897456,2009.0,$0,0.0,0,"900 Broadway, Suite 900",10003,New York
12534,52cdef7e4bab8bd67529b709,VetAnyware,enterprise,Veterinary Business Software Solutions,38.552782,-121.734779,2009.0,$0,0.0,0,,95618,Davis
12566,52cdef7e4bab8bd67529b721,Novira Therapeutics,biotech,antiviral therapeutics,,,2009.0,$44M,43995221.0,USD,"259 N. RADNOR-CHESTER ROAD, SUITE 220",19087,Radnor
12582,52cdef7e4bab8bd67529b744,Insurance4everyone,web,UK Insurance Retailer,,,2009.0,$0,0.0,0,Temple House,BN7 2SD,Lewes
12599,52cdef7e4bab8bd67529b753,Twazzup,web,Real-time Monitoring and Analytics for T,37.775196,-122.419204,2009.0,$0,0.0,0,,,San Francisco
12601,52cdef7e4bab8bd67529b751,Wowd,search,Real-Time Search,37.448598,-122.158497,2009.0,$0,0.0,0,261 Hamilton Ave. Suite 208,94301,Palo Alto
12648,52cdef7e4bab8bd67529b79a,We Are Hunted,games_video,Online Music Chart,,,2009.0,$3M,3000000.0,USD,,,
12666,52cdef7e4bab8bd67529b7ae,Serpslogic,other,SEO and Internet marketing,,,2009.0,$0,0.0,0,,110067,New Delhi
12670,52cdef7e4bab8bd67529b7b4,BlazingStreams,web,real time news,37.555111,-122.265123,2009.0,$0,0.0,0,,,Foster City
12671,52cdef7e4bab8bd67529b7b5,Compel Interaction,consulting,Web Developers,42.281569,-83.813914,2009.0,$0,0.0,0,167 Little Lake Dr.,48103,Ann Arbor
12672,52cdef7e4bab8bd67529b7b5,Compel Interaction,consulting,Web Developers,41.875026,-87.628933,2009.0,$0,0.0,0,537 S Dearborn Street,60605,Chicago
12673,52cdef7e4bab8bd67529b7b5,Compel Interaction,consulting,Web Developers,44.7871116,-85.6378062,2009.0,$0,0.0,0,13056 S. West Bay Shore Dr.,49684,Traverse City
12682,52cdef7e4bab8bd67529b7bb,DataXu,advertising,Buy-side Ad Optimization,,,2009.0,$45.8M,45800000.0,USD,281 Summer Street,02210,Boston
12683,52cdef7e4bab8bd67529b7bb,DataXu,advertising,Buy-side Ad Optimization,,,2009.0,$45.8M,45800000.0,USD,"44 W 28th Street, 8th Floor",10001,New York
12684,52cdef7e4bab8bd67529b7bb,DataXu,advertising,Buy-side Ad Optimization,,,2009.0,$45.8M,45800000.0,USD,549 W Randolph St.,60661,Chicago
12688,52cdef7e4bab8bd67529b7c9,psychiatryRounds,web,Professional network for psychiatrists,37.400465,-122.073003,2009.0,$0,0.0,0,,,Mountain View
12691,52cdef7e4bab8bd67529b7c7,Tweenjo,web,UK community site,51.5137747,-0.1459893,2009.0,$0,0.0,0,72 New Bond Street,W1S 1RR,London
12692,52cdef7e4bab8bd67529b7cf,Shopseen,ecommerce,Sell better.,37.772323,-122.214897,2013.0,$0,0.0,0,,94103,San Francisco
12705,52cdef7e4bab8bd67529b7e7,Atenea tech,software,drupal development consulting,,,2009.0,$0,0.0,0,Citilab CornellÃ  - Pl Can Suris s/n,08940,CornellÃ  de Llobregat
12736,52cdef7e4bab8bd67529b80b,Mobile Roadie,mobile,"iPhone, Android & iPad, Mobile Web",,,2009.0,$0,0.0,0,8671 Wilshire Blvd.,90211,Beverly Hills
12737,52cdef7e4bab8bd67529b80b,Mobile Roadie,mobile,"iPhone, Android & iPad, Mobile Web",,,2009.0,$0,0.0,0,1-3 Rivington St.,EC2A 3DT,London
12744,52cdef7e4bab8bd67529b825,Space Spare,web,Directory for Storage Space,51.5603951,-0.1365725,2009.0,$0,0.0,0,3 Monnery Road,N19 5SA,London
12762,52cdef7e4bab8bd67529b839,Webteilchen,web,Web Services & Online Marketing,52.5296736,13.6281888,2009.0,$0,0.0,0,Greifswalder Str. 4,10779,Berlin
12773,52cdef7e4bab8bd67529b849,MyEdu,education,"Succeed in college, and get a job.",30.288159,-97.750154,2009.0,$18.7M,18700000.0,USD,1301 S. MoPac Expy,78746,Austin
12792,52cdef7e4bab8bd67529b867,Gameleaper,games_video,Used video game marketplace,32.8270045,-96.8432224,2009.0,$0,0.0,0,6400 Maple Ave,75235,Dallas
12802,52cdef7e4bab8bd67529b877,AlertFox,software,Next-gen web application monitoring,,,2009.0,$0,0.0,0,Postfach 1343,69184,Walldorf/Heidelberg
12814,52cdef7e4bab8bd67529b896,Catchafire,web,Changing the way people volunteer.,40.746417,-73.983171,2009.0,$400k,399984.0,USD,31 East 32nd Street,10016,New York
12826,52cdef7e4bab8bd67529b8a7,Ikanos,enterprise,Broadband Chip Manufacturer,37.4734314,-121.9417078,2009.0,$42M,42000000.0,USD,47669 Fremont Blvd.,94538,Fremont
12827,52cdef7e4bab8bd67529b8aa,quoobs,web,"social, local, mobile services",52.5189904,13.4663753,2009.0,$0,0.0,0,SamariterstraÃŸe 17,10247,Berlin
12828,52cdef7e4bab8bd67529b8ab,Veewow,software,World's Leading App Discovery Site,,,2012.0,$0,0.0,0,Daresbury Innovation Centre,WA4 4FS,Daresbury
12842,52cdef7e4bab8bd67529b8bb,Hayen Company,games_video,Social Media Marketing,34.019114,-81.004871,2011.0,$0,0.0,0,1825 Saint Julian Pl.,29204,Columbia
12844,52cdef7e4bab8bd67529b8be,1calendar,software,Personalized autoupdated calendar system,55.6770321,12.5751278,2009.0,$40k,40000.0,USD,"Kompagnistræde 20B, 1 th.",1208,Copenhagen
12845,52cdef7e4bab8bd67529b8be,1calendar,software,Personalized autoupdated calendar system,55.6802318,12.524884,2009.0,$40k,40000.0,USD,"Howitzvej 60, 5. sal",2000,Copenhagen
12856,52cdef7e4bab8bd67529b8c0,Infochimps,enterprise,Big Data Solutions,30.2734822,-97.7588828,2009.0,$5.35M,5350000.0,USD,1214 W 6th St,78703,Austin
12857,52cdef7e4bab8bd67529b8c0,Infochimps,enterprise,Big Data Solutions,,,2009.0,$5.35M,5350000.0,USD,425 Broadway,94063,Redwood City
12876,52cdef7e4bab8bd67529b8e8,printium,enterprise,Global Publishing Platform,52.4055581,13.0673441,2009.0,$0,0.0,0,Behlertstrasse 3a,14467,Potsdam
12890,52cdef7e4bab8bd67529b8fa,Envy Sportswear,ecommerce,women's fitness apparel,,,2009.0,$0,0.0,0,1760 Kettner Blvd.,92101,San Diego
12892,52cdef7e4bab8bd67529b8f7,Insignia Technologies,hospitality,,,,2012.0,£865k,865000.0,GBP,,ML1 5UH,North Lanarkshire
12896,52cdef7e4bab8bd67529b8fe,YesFreelance,ecommerce,Online Freelance Staffing Marketplace,41.8819283,-87.6445473,2009.0,$0,0.0,0,,60661,Chicago
12930,52cdef7e4bab8bd67529b92d,BIT TV,games_video,Live Video Streaming,45.488419,-122.642156,2009.0,$0,0.0,0,4701 se 24th st.,97202,Portland
12935,52cdef7e4bab8bd67529b932,all140,web,Real Time News,48.2114213,16.3736319,2009.0,$0,0.0,0,Judengasse,1010,Vienna
12939,52cdef7e4bab8bd67529b936,Mental Workout,mobile,Reinventing the delivery of psychology,,,2009.0,$0,0.0,0,"50 Hill Street, #333",11968,Southampton
12949,52cdef7e4bab8bd67529b945,AlphaPoint Technology,software,Visual IT Asset Management,27.3858,-82.423,2009.0,$0,0.0,0,6371 Business Blvd.,34240,Sarasota
12953,52cdef7e4bab8bd67529b950,Imakumo,consulting,ServiceNow French Experts,,,2009.0,$0,0.0,0,149 avenue du Maine,75014,Paris
12960,52cdef7e4bab8bd67529b956,Absolute Media,enterprise,publishing company,,,2009.0,$0,0.0,0,Broadgate Court 199 Bishopsgate,EC2M 3TY,London
12974,52cdef7e4bab8bd67529b963,Distimo,mobile,Solving the App Puzzle,52.0848526,5.1682449,2009.0,$0,0.0,0,Ambachtstraat 2,3512ES,Utrecht
12986,52cdef7e4bab8bd67529b96c,Mashape,enterprise,The Cloud API Hub,,,2010.0,$1.6M,1601000.0,USD,433 Bryant St.,94107,San Francisco
12996,52cdef7e4bab8bd67529b986,LendingKarma,legal,Online person-to-person lending,37.7753,-122.4186,2009.0,$0,0.0,0,P.O. Box 640211,94164-0211,San Francisco
13009,52cdef7e4bab8bd67529b99a,Aikon Labs,software,Helping Realize Ideas,,,2009.0,$0,0.0,0,"F3 Clover Highlands Near NIBM, Kondhwa",411048,"Pune, Maharashtra"
13015,52cdef7e4bab8bd67529b9a1,Japan Jobs,advertising,On-line recruitment for Japan,,,2009.0,$0,0.0,0,,,
13026,52cdef7e4bab8bd67529b9aa,BigSpire Technologies,ecommerce,Web Design and Development,13.060416,80.249634,2009.0,$0,0.0,0,chennai,,
13028,52cdef7e4bab8bd67529b9b5,Delivr,advertising,QR Code & NFC Management and Tracking ,40.756054,-73.986951,2009.0,$0,0.0,0,,,New York
13029,52cdef7e4bab8bd67529b9b8,AppStoreHQ,mobile,Mobile Application Search and Discovery,47.6447802,-122.325878,2009.0,$0,0.0,0,511 Boren Ave N,98109,Seattle
13086,52cdef7e4bab8bd67529b9e7,drchrono,medical,Bringing iPads to Healthcare,37.4202074,-122.0933053,2009.0,$4.13M,4125000.0,USD,1001 Rengstorff Avenue,94043,Mountain View
13104,52cdef7e4bab8bd67529b9f8,Pressitt,network_hosting,Social Media News Release service,50.732295,-1.818289,2009.0,$0,0.0,0,14 Hillbrow Road,BH6 5NT,Bournemouth
13147,52cdef7e4bab8bd67529ba2f,Nextstop,web,Local/Travel recommendations,37.7710177,-122.4025976,2009.0,$0,0.0,0,"650 Townsend St., Suite 310",94103,San Francisco
13164,52cdef7e4bab8bd67529ba36,Square,mobile,Mobile payments system,,,2009.0,$341M,340500000.0,USD,1455 Market Street,94103,San Francisco
13165,52cdef7e4bab8bd67529ba36,Square,mobile,Mobile payments system,,,2009.0,$341M,340500000.0,USD,,,New York
13166,52cdef7e4bab8bd67529ba36,Square,mobile,Mobile payments system,,,2009.0,$341M,340500000.0,USD,,,Waterloo
13170,52cdef7e4bab8bd67529ba4e,Graticle,design,WordPress Custom Website Design,45.7968414,-122.6931439,2009.0,$0,0.0,0,100 E. Third Ave. #373,98926,Ellensburg
13174,52cdef7e4bab8bd67529ba51,Wefollow,,,,,2009.0,$0,0.0,0,533 E 5th St #20,10009,New York
13179,52cdef7e4bab8bd67529ba59,HobbyAdda,web,Hobby Sharing Platform,28.635308,77.22496,2009.0,$0,0.0,0,,,DELHI
13180,52cdef7e4bab8bd67529ba5e,Ajiel,software,HR&Payroll Online.,,,2010.0,$0,0.0,0,147 bd Mohammed Smiha,20000,Casablanca
13181,52cdef7e4bab8bd67529ba5e,Ajiel,software,HR&Payroll Online.,,,2010.0,$0,0.0,0,147 bd Mohammed Smiha,20000,Casablanca
13200,52cdef7e4bab8bd67529ba76,Abengoa,cleantech,Innovative solutions for sustainability,,,2010.0,$0,0.0,0,Campus Palmas Altas,41014,Seville
13202,52cdef7e4bab8bd67529ba7e,OCTALINE,web,Lead Generation Services,48.8964115,2.2863338,2009.0,$0,0.0,0,"13, Rue Paul Vaillant Couturier",92300,Levallois-Perret
13203,52cdef7e4bab8bd67529ba7d,Pikkoo,mobile,YouTube of mobile personalization,65.0127875,25.470902,2009.0,$0,0.0,0,Pakkahuoneenkatu 12 A,90100,Oulu
13221,52cdef7e4bab8bd67529ba9e,Book'd,software,Online Booking and Invoicing,38.9569894,-92.3227556,2009.0,$0,0.0,0,3500 Buttonwood Drive,65201,Columbia
13231,52cdef7e4bab8bd67529bab1,makandra,software,Ruby on Rails Web Development Shop,48.3400291,10.9059804,2009.0,$0,0.0,0,Werner-von-Siemens-Str. 6,86159,Augsburg
13237,52cdef7e4bab8bd67529babd,Eco-Rate,web,Product Comparison Website,47.715013,-122.320283,2009.0,$0,0.0,0,11736 8th Ave NE,98125,Seattle
13253,52cdef7e4bab8bd67529bac9,Contenture,ecommerce,Subscription-based monetization network,45.523875,-122.670399,2009.0,$0,0.0,0,,,Portland
13267,52cdef7e4bab8bd67529bac7,Shareaholic,web,content sharing and discovery platform,42.3647559,-71.1032591,2009.0,$5.46M,5455000.0,USD,109 Kingston Street,02111,Boston
13271,52cdef7e4bab8bd67529badc,KnowEm,web,Social Media Profile Security,,,2009.0,$0,0.0,0,Phoenix Ave,07960,Morristown
13273,52cdef7e4bab8bd67529bade,Statugle,web,Interactive Statistical Database,41.9205483,-87.6531805,2009.0,$0,0.0,0,,60614,Chicago
13288,52cdef7e4bab8bd67529baec,Remodel Connect,other,Remodeling Project Quotes,39.5633544,-104.8571368,2009.0,$0,0.0,0,,80112,Denver
13334,52cdef7e4bab8bd67529bb13,DP7 Digital,software,Widgets and Apps for Web 2.0 and Mobile,-23.5815208,-46.6773686,2009.0,$100k,100000.0,USD,"Rua Pedroso Alvarenga, 990, sala 72, itaim bibi",04531011,Sao Paulo
13335,52cdef7e4bab8bd67529bb13,DP7 Digital,software,Widgets and Apps for Web 2.0 and Mobile,-27.5995476,-48.5483418,2009.0,$100k,100000.0,USD,"Rua Tiradentes, 201, sala 05, centro",88010430,Florianopolis
13352,52cdef7e4bab8bd67529bb25,Flixxy,games_video,The  Best Videos  on the  Net,27.972364,-82.800333,2010.0,$0,0.0,0,609 North Osceola Avenue,33755,Clearwater
13355,52cdef7e4bab8bd67529bb1f,SimpleGeo,advertising,Location Infrastructure,,,2009.0,$9.81M,9807367.0,USD,41 Decatur,94103,San Francisco
13383,52cdef7e4bab8bd67529bb48,Twitoaster,web,Twitter conversations threading,,,2009.0,$0,0.0,0,,,Paris
13389,52cdef7e4bab8bd67529bb4d,Easel,web,Design For the Web,,,2012.0,$0,0.0,USD,,,
13395,52cdef7e4bab8bd67529bb5d,AppNinjas,mobile,Financial iPhone Apps,37.7983181,-122.4000032,2009.0,$0,0.0,0,,94111,San Francisco
13403,52cdef7e4bab8bd67529bb6b,Wetoku,public_relations,Video Chat Interview Service,37.5009759,127.0373502,2009.0,$0,0.0,0,627-1 Yeoksam-dong Gangnam-Gu,135-080,Seoul
13413,52cdef7e4bab8bd67529bb78,JustProto,software,network and desktop app prototyper,54.520135,18.5416342,2009.0,$0,0.0,0,Abrahama 37/8,81-366,Gdynia
13425,52cdef7e4bab8bd67529bb8c,ConsultantForce,public_relations,Lead Generation Service Provider,39.59659,-104.803213,2009.0,$0,0.0,0,"5588 S Parker Road, Suite 183",80015,Centennial
13435,52cdef7e4bab8bd67529bb96,Fan,consulting,smart software solutions,-37.9924155,-57.5538238,2009.0,$0,0.0,0,9 de Julio 3485,,Mar del Plata
13440,52cdef7e4bab8bd67529bba1,ToolzDO,web,Location-based social network,26.280346,-80.186473,2009.0,$0,0.0,0,,,Coconut Creek
13460,52cdef7e4bab8bd67529bbae,Open Travel,web,User trips & travel guides.,,,2009.0,$0,0.0,0,,,
13467,52cdef7e4bab8bd67529bbbe,gdgt,hardware,Consumer electronics,,,2009.0,$3.72M,3715000.0,USD,901 Mission St.,94103,San Francisco
13488,52cdef7e4bab8bd67529bbd5,Mozbox Limited,other,Social cashback shopping,51.193175,-1.510484,2009.0,$0,0.0,0,23 Brook Way,SP11 7RY,Andover
13489,52cdef7e4bab8bd67529bbd6,Velvet View,games_video,Video promotion services for Nightclubs,,,2009.0,$0,0.0,0,,,Bay Area
13497,52cdef7e4bab8bd67529bbe6,Secure BI,enterprise,SAP Security Software,38.5621283,-121.7324992,2009.0,$0,0.0,0,1520 E. Covell Blvd.,95616,Davis
13498,52cdef7e4bab8bd67529bbe3,jamWee,web,Music Discovery Engine,40.555566,-74.283346,2009.0,$0,0.0,,,07095,Woobridge
13529,52cdef7e4bab8bd67529bc14,Hostarting,web,Independent Hostings Reviews,39.8725119,-4.0210296,2009.0,$0,0.0,0,Recodo del Pinar 9,45003,Toledo
13539,52cdef7e4bab8bd67529bc1e,SocialPlane,other,Ordable.com,37.569607,-77.469076,2009.0,$0,0.0,0,1716 Summit Ave Unit 30,23230,Richmond
13554,52cdef7e4bab8bd67529bc38,QxMD Software,mobile,Mobile Medical Apps,49.261226,-123.1139268,2009.0,$0,0.0,0,,,"Vancouver, British Columbia"
13563,52cdef7e4bab8bd67529bc42,expertnews,web,,53.5688101,9.9819779,2009.0,$0,0.0,0,,20146,Hamburg
13573,52cdef7e4bab8bd67529bc46,Viralheat,enterprise,Monitor social media in real time.,,,2009.0,$4.33M,4325000.0,USD,1510 Fashion Island Blvd. Ste. 260,94404,San Mateo
13583,52cdef7e4bab8bd67529bc56,Flaggpole,web,location-based social network,47.620973,-122.347276,2009.0,$0,0.0,0,,,Seattle
13599,52cdef7e4bab8bd67529bc73,Boostability,advertising,Internet Marketing for Local Businesses,,,2009.0,$0,0.0,0,795 E 340 S Suite 202,84003,American Fork
13607,52cdef7e4bab8bd67529bc7b,ReferenceBot,web,Professional reference repository,26.706239,-80.0520862,2009.0,$0,0.0,0,801 S Olive Ave #436,33401,West Palm Beach
13639,52cdef7e4bab8bd67529bc99,Vaultive,security,information-security,40.707954,-74.011114,2009.0,$11M,11000000.0,USD,"100 Broadway, 14th Floor",10005,New York
13641,52cdef7e4bab8bd67529bc9e,gpa software inc,software,teachers software,,,2009.0,$0,0.0,0,p o box 881731,90009,los angles
13648,52cdef7e4bab8bd67529bcb0,The Resumator,software,SaaS Recruiting Software,40.438423,-80.001933,2009.0,$2.98M,2975000.0,USD,,,Pittsburgh
13688,52cdef7e4bab8bd67529bce7,Carrier Mobile,mobile,Mobile Phone Software Development,42.2802707,-83.7422325,2009.0,$10k,10000.0,USD,500 E. Washington,48104,Ann Arbor
13689,52cdef7e4bab8bd67529bced,Sofa Labs,social,Social Applications Developer,37.5646055,-122.3229235,2009.0,$1.2M,1200000.0,,300 South Ellsworth Avenue,94401,San Mateo
13692,52cdef7e4bab8bd67529bcf4,Molecube,games_video,Application Developer,,,2011.0,$0,0.0,0,305 Bld. Charest EST,G1H 3K3,Quebec
13699,52cdef7e4bab8bd67529bcf8,AppUseful,web,Web 2.0 Applications Directory. ,30.2961708,-97.7389543,2009.0,$0,0.0,0,,78705,Austin
13707,52cdef7e4bab8bd67529bd06,YR Free,mobile,Ethical Mobile Platform,,,2009.0,£50k,50000.0,GBP,Daresbury Science & Innovation Campus,WA4 4FS,Daresbury
13719,52cdef7e4bab8bd67529bd12,Blurtt,web,,,,2010.0,$59k,59000.0,USD,,78701,Austin
13720,52cdef7e4bab8bd67529bd17,College Art Online,ecommerce,Buy Original Art from Art Students,33.519503,-111.941542,2009.0,$0,0.0,0,5620 N wilkinson road,85253,Paradise Valley
13723,52cdef7e4bab8bd67529bd1d,Undead Code Studios,games_video,Videogames,40.6367104,-3.9980485,2009.0,$0,0.0,0,,28400,Madrid
13725,52cdef7e4bab8bd67529bd1f,Cokidoo,other,Vertical Social Networks and communities,42.8995162,-8.5089455,2009.0,$0,0.0,0,,15707,Santiago de Compostela
13726,52cdef7e4bab8bd67529bd1f,Cokidoo,other,Vertical Social Networks and communities,37.9928939,-1.1317041,2009.0,$0,0.0,0,,30008,Murcia
13730,52cdef7e4bab8bd67529bd23,Fliptop,enterprise,Predictive Analytics Platform,37.775206,-122.419209,2010.0,$6.79M,6785000.0,USD,580 Howard Street,94105,San Francisco
13740,52cdef7e4bab8bd67529bd2d,folowen,web,Social Media Aggregator,,,2009.0,$0,0.0,0,133 Arrar Street,,Amman
13748,52cdef7e4bab8bd67529bd37,Red Ambiental,cleantech,Mexican cleantech company,,,2012.0,$20M,20000000.0,USD,Adolfo LÃ³pez Mateos No. 102 Col. Puerto de Durazno,,
13749,52cdef7e4bab8bd67529bd1a,Kickstarter,design,Creative project funding.,,,2009.0,$10M,10000000.0,USD,58 Kent St,11222,Brooklyn
13753,52cdef7e4bab8bd67529bd3e,IndiaOnAPage,software,Cover india on a page,12.9164537,77.6101165,2009.0,$0,0.0,0,16th Main,560076,Bangalore
13755,52cdef7e4bab8bd67529bd39,Quirky,ecommerce,We Make Invention Accessible,,,2009.0,$175M,175325006.0,USD,606 West 28th Street,10012,New York
13757,52cdef7e4bab8bd67529bd3d,Manager Labs,web,Focus on web applications and automation,,,2009.0,$0,0.0,0,211 East Ohio,60611,Chicago
13766,52cdef7e4bab8bd67529bd4b,Nalts Consulting,consulting,Social Media Video Consulting,40.3113504,-75.1135236,2009.0,$0,0.0,0,400 Farm Lane,18901,Doylestown
13771,52cdef7f4bab8bd67529bd55,ArtNeighbor,web,Social network for the art community,40.7489381,-73.9918181,2009.0,$0,0.0,0,,10001,New York City
13772,52cdef7f4bab8bd67529bd52,InRev,software,Social Media Marketing,,,2009.0,$0,0.0,0,"#56, Arun Villa, 3rd Main",,Bangalore
13793,52cdef7f4bab8bd67529bd6a,RentShout,advertising,Online rental advertising,35.1214086,-120.619506,2009.0,$0,0.0,0,960 W. Grand Ave.,93433,Grover Beach
13820,52cdef7f4bab8bd67529bd88,ClickFuel,advertising,Internet Marketing Solutions Provider,42.3406534,-71.0680027,2009.0,$9M,9000000.0,USD,7 New England Executive Park,01803,Burlington
13830,52cdef7f4bab8bd67529bd9a,Movip,web,Real time video twitter,38.7071631,-9.135517,2009.0,$0,0.0,0,,,Lisbon
13833,52cdef7f4bab8bd67529bd9b,ekidnaworld,games_video,safe children's virtual world,-27.4574861,153.033686,2010.0,$0,0.0,0,Fortitude Valley,4006,Queensland
13842,52cdef7f4bab8bd67529bda7,3D Creation Lab,other,3D Printing service provider,,,2009.0,$0,0.0,0,"Kestrel Court,",BS20 7AN,"Portishead, Bristol"
13862,52cdef7f4bab8bd67529bdc2,mTrip,mobile,Mobile Travel Guides,45.503971,-73.57236,2009.0,$0,0.0,0,420 Rue Guy,H3J 1S6,Montreal
13866,52cdef7f4bab8bd67529bdcd,Gravity,advertising,Conversation Engine,34.007967,-118.489681,2009.0,$20.6M,20600000.0,USD,"Project Rover, Inc.",,Santa Monica
13880,52cdef7f4bab8bd67529bdd9,Maopao,web,Social Network Aggregator,39.9081726,116.3979471,2009.0,$0,0.0,0,,,Beijing
13886,52cdef7f4bab8bd67529bddf,Chicisimo,fashion,Street fashion community,43.264499,-2.9308322,2010.0,$800k,800000.0,USD,Calle Henao 14,,Bilbao
13891,52cdef7f4bab8bd67529bde6,SearchMerge,search,A social search engine.,,,2009.0,$0,0.0,0,19 Cable Yard,CV1 4HA,Coventry
13894,52cdef7f4bab8bd67529bde9,scoyo,games_video,gamebased learning platform for children,53.5622698,9.9490139,2009.0,$0,0.0,0,GroÃŸer Burstah 50-52,20457,Hamburg
13901,52cdef7f4bab8bd67529bdf4,"Spurd, Inc",web,,40.675234,-73.971043,2009.0,$0,0.0,0,,,Brooklyn
13905,52cdef7f4bab8bd67529bdf9,OnePage,web,Interactive Business cards,53.3706564,-1.5613493,2009.0,$0,0.0,0,"BSEEN, Birmingham Science Park",B7 4BB,Birmingham
13928,52cdef7f4bab8bd67529be21,Status Search,search,social status search engine,25.774252,-80.190262,2009.0,$0,0.0,0,,,Miami
13929,52cdef7f4bab8bd67529be21,Status Search,search,social status search engine,32.0554,34.7595,2009.0,$0,0.0,0,,,Tel Aviv
13930,52cdef7f4bab8bd67529be22,Xamplified,web,Free Online Education Resource,,,2009.0,$0,0.0,,,110023,New Delhi
13944,52cdef7f4bab8bd67529be2e,Althea Systems,hardware,Internet TV startup,12.9349604,77.6136847,2009.0,$3M,3000000.0,USD,"#773, 80 Feet Road",560034,Bangalore
13978,52cdef7f4bab8bd67529be4e,FindandSmile,web,Free Online Dating,48.9974246,8.4649954,2009.0,$0,0.0,0,Amalienbadstr 41,76227,Karlsruhe
13981,52cdef7f4bab8bd67529be52,Covet Shop,ecommerce,Online Designer Consignment Boutique,40.72874,-73.989324,2009.0,$0,0.0,0,21 East 7th Street,10003,New York
13983,52cdef7f4bab8bd67529be57,Udorse,web,Seed Stage,40.756054,-73.986951,2009.0,$500k,500000.0,USD,,,New York
13984,52cdef7f4bab8bd67529be55,ReTargeter,advertising,Display advertising and retargeting,,,2009.0,$825k,825000.0,USD,33 New Montgomery,94105,San Francisco
13988,52cdef7f4bab8bd67529be61,Meuzer,games_video,music streaming sharing site ,37.320052,-121.877636,2009.0,$0,0.0,0,,,San Jose
13999,52cdef7f4bab8bd67529be67,Urban Airship,mobile,Mobile App Software,,,2009.0,$46.6M,46600000.0,USD,1417 NW Everett St.,97209,Portland
14000,52cdef7f4bab8bd67529be67,Urban Airship,mobile,Mobile App Software,,,2009.0,$46.6M,46600000.0,USD,41 Decatur,94103,San Francisco
14001,52cdef7f4bab8bd67529be67,Urban Airship,mobile,Mobile App Software,,,2009.0,$46.6M,46600000.0,USD,408 Florence Street,94301,Palo Alto
14002,52cdef7f4bab8bd67529be67,Urban Airship,mobile,Mobile App Software,,,2009.0,$46.6M,46600000.0,USD,24 Endell Street,WC2H 9HQ,London
14015,52cdef7f4bab8bd67529be7d,YesOrNow,web,Real Life Dating,48.882769,2.336453,2009.0,$0,0.0,0,"34, bld de Clichy",75018,Paris
14027,52cdef7f4bab8bd67529be8d,HURRYCAM,web,Consumer Video Reviews,48.8566667,2.3509871,2009.0,$0,0.0,0,,,Paris
14053,52cdef7f4bab8bd67529be8f,Stereomood,music,Turn your mood into music,41.9251196,12.4834691,2009.0,$0,0.0,,Via Domenico Chelini 1,00197,Rome
14065,52cdef7f4bab8bd67529be9b,Quantum Whisper,software,Connecting Product Mgn't & Customers,,,2009.0,$0,0.0,0,,,
14066,52cdef7f4bab8bd67529be9c,SharesPost,ecommerce,Private securities market specialist,34.007967,-118.489681,2009.0,$0,0.0,0,1150 Bayhill Drive,94066,San Bruno
14096,52cdef7f4bab8bd67529bec3,Bar Exchange,web,Social Network 4 Bar & Hospitality Staff,51.5395914,-0.1525048,2009.0,$0,0.0,0,35 Ballards Lane,London N3 1XW,London
14107,52cdef7f4bab8bd67529becf,Nirvana,software,Web-based GTD Task Manager,45.5058782,-73.5673333,2009.0,$0,0.0,0,372 Ste-Catherine Ouest,H3B 1A2,Montreal
14108,52cdef7f4bab8bd67529bed1,Kloud Mobile,mobile,Mobile Application Developer,26.0607497,-80.1899371,2009.0,$0,0.0,0,4938 SW 33 Way,33312,Fort Lauderdale
14110,52cdef7f4bab8bd67529bed0,goalster,web,Fitness Network | Workout Goals ,,,2009.0,$0,0.0,0,1261 Lincoln Ave,95125,San Jose
14111,52cdef7f4bab8bd67529bed3,Finest Expert,web,Real Estate Investing,37.775196,-122.419204,2009.0,$0,0.0,0,,,San Francisco
14118,52cdef7f4bab8bd67529bede,Innovatv,ecommerce,Innovative Product supplier for E-stores,,,2009.0,$0,0.0,0,"No. 360 Rm. 7C12, Hengtong Road",200070,Shanghai
14129,52cdef7f4bab8bd67529bef4,TwitsMag Canada,other,Canadian Twitter Media Portal,,,2009.0,$0,0.0,0,Yonge Street,M5H 3R3â€Ž,Tronto
14146,52cdef7f4bab8bd67529befc,Buddingup,web,Online Job Search,43.477552,-80.534491,2009.0,$0,0.0,0,Albert Street,,Waterloo
14168,52cdef7f4bab8bd67529bf24,Zerodegre,advertising,Marketing and Advertising,,,2009.0,$0,0.0,0,Taikang Road,200025,Shanghai
14169,52cdef7f4bab8bd67529bf22,BitMethod,mobile,Web App Development House,41.581232,-93.621998,2009.0,$50k,50000.0,USD,418 6th Avenue,50309,Des Moines
14170,52cdef7f4bab8bd67529bf27,ZIPQODE,web,Social Network for Homosexuals,39.951639,-75.163808,2009.0,$0,0.0,0,,,Philadelphia
14171,52cdef7f4bab8bd67529bf28,Eventric,software,solutions for the entertainment industry,41.9174637,-87.6664837,2009.0,$0,0.0,0,1644 N. Honore,60622,Chicago
14213,52cdef7f4bab8bd67529bf5f,BigTree Solutions,software,Restaurant Delivery Service Web Software,,,2009.0,$0,0.0,0,1103 E Broadway,65201-4955,Columbia
14214,52cdef7f4bab8bd67529bf60,Strategist News,web,Online Business News Portal,40.7489381,-73.9918181,2009.0,$0,0.0,0,,10001,New York
14223,52cdef7f4bab8bd67529bf69,VistaGen Therapeutics,biotech,Pluripotent stem cell technology ,37.6656476,-122.3843489,2013.0,$41.3M,41250000.0,USD,"384 Oyster Point Blvd., Suite #8",94080,South San Francisco
14273,52cdef7f4bab8bd67529bf97,Vevo,games_video,Premium music video programming,,,2009.0,$0,0.0,0,4 Times Square 25th Floor,10036,New York
14274,52cdef7f4bab8bd67529bf97,Vevo,games_video,Premium music video programming,,,2009.0,$0,0.0,0,"at 5340 Alla Road, Suite 105",90066,Playa Vista
14275,52cdef7f4bab8bd67529bf97,Vevo,games_video,Premium music video programming,,,2009.0,$0,0.0,0,"1-4 Argyll Street, 1st Floor",W1F 7TA,London
14276,52cdef7f4bab8bd67529bf97,Vevo,games_video,Premium music video programming,,,2009.0,$0,0.0,0,2 Shaw Alley,94105,San Francisco
14277,52cdef7f4bab8bd67529bf97,Vevo,games_video,Premium music video programming,,,2009.0,$0,0.0,0,430 W. Erie,60654,Chicago
14278,52cdef7f4bab8bd67529bf97,Vevo,games_video,Premium music video programming,,,2009.0,$0,0.0,0,Rosenthaler Straße 51,10178,Berlin
14296,52cdef7f4bab8bd67529bf9a,Talenthouse,web,Content Marketing Platform,,,2009.0,$15.1M,15100000.0,USD,542 High St,94301,Palo Alto
14297,52cdef7f4bab8bd67529bf9a,Talenthouse,web,Content Marketing Platform,,,2009.0,$15.1M,15100000.0,USD,8810 Melrose Ave,90065,West Hollywood
14304,52cdef7f4bab8bd67529bfb5,BOKU,mobile,Mobile Payments Platform,,,2009.0,$77.5M,77499998.0,USD,Maximillianstrasse 29,80539,Munich
14306,52cdef7f4bab8bd67529bfbc,Tepilo,web,Property Selling/Buying Platform,,,2009.0,$0,0.0,0,32-37 Cowper Street,EC2A 4AW,London
14313,52cdef7f4bab8bd67529bfc4,AudioBoo,mobile,,,,2010.0,$0,0.0,0,10A Maltings Place,SE1 3LJ,London
14317,52cdef7f4bab8bd67529bfc6,ipadio,messaging,Technology and Communications company,51.8205815,0.0118608,2009.0,$1.6M,1600000.0,USD,96 Farringdon Road,EC1R 3EA,London
14324,52cdef7f4bab8bd67529bfd1,AgreeYourFee,advertising,Recruitment where employers set the fee,51.5001524,-0.1262362,2009.0,$0,0.0,0,,,London
14328,52cdef7f4bab8bd67529bfd4,Mohawk Interactive,other,User Reviews of Fishing Businesses,32.781078,-96.797111,2009.0,$0,0.0,0,,,Dallas
14333,52cdef7f4bab8bd67529bfdf,Pixable,social,Your photo inbox,,,2009.0,$6.1M,6100000.0,USD,"137 Varick Street, 603",10013,New York City
14372,52cdef7f4bab8bd67529c000,Applied Genetics Technologies Corporation,biotech,Gene therapy,29.7847641,-82.4768036,2009.0,$78.1M,78050000.0,USD,11801 Research Drive,32615,Alachua
14393,52cdef7f4bab8bd67529c00e,Solix Biofuels,cleantech,biofuels-algae plants,40.5932386,-105.0766501,2009.0,$68.8M,68800000.0,USD,430 B. North College Ave.,80524,Fort Collins
14394,52cdef7f4bab8bd67529c014,Ykone,web,Social media site for fashion,48.8566667,2.3509871,2009.0,€1.5M,1500000.0,EUR,,,Paris
14402,52cdef7f4bab8bd67529c01c,WiseStamp,messaging,Introducing email Apps ,,,2009.0,$0,0.0,,HaYarkon 70,,Tel Aviv
14409,52cdef7f4bab8bd67529c023,OzTern Digital Services,consulting,Web Consulting and Marketing Services,8.503696,76.952187,2009.0,$0,0.0,0,,,Trivandrum
14410,52cdef7f4bab8bd67529c025,youserbase,network_hosting,Technology wiki,53.14967,8.200653,2009.0,$0,0.0,0,Lindenallee 60,26122,Oldenburg
14428,52cdef7f4bab8bd67529c041,Clovis Oncology,biotech,Oncology Compound Licencing Company,40.026,-105.259041,2009.0,$357M,356962756.0,USD,2525 28th Street,80301,Boulder
14434,52cdef7f4bab8bd67529c048,ResuWe,software,"SaaS, ATS, Applicant Tracking System",33.5341548,-117.7769669,2009.0,$0,0.0,0,1100 S. Coast Highway,92651,Laguna Beach
14438,52cdef7f4bab8bd67529c04d,Aragon Pharmaceuticals,biotech,Hormone-resistant Cancer Treatment,,,2009.0,$122M,122000000.0,USD,12780 El Camino Real Ste 301,92130-2042,San Diego
14441,52cdef7f4bab8bd67529c052,Startlike,web,Personalized Community Homepage,34.002737,-81.018312,2009.0,$0,0.0,0,1001 Harden Street,29205,Columbia
14465,52cdef7f4bab8bd67529c071,ITTAGS,web,Semantic web technology tags,34.052187,-118.243425,2009.0,$0,0.0,0,,,Los Angeles
14473,52cdef7f4bab8bd67529c077,tiggin,web,microblogging,,,2009.0,$0,0.0,0,,,
14474,52cdef7f4bab8bd67529c078,Echoes Kazulo,web,Real-time Topic Mashup,,,2009.0,$0,0.0,0,,2910-431,SetÃºbal
14477,52cdef7f4bab8bd67529c07f,Ray Websmith,web,Chicago Web Design,42.2796339,-88.3339768,2009.0,$0,0.0,0,6914 Red Barn Road,60012,Crystal Lake
14481,52cdef7f4bab8bd67529c081,Recreax,other,Online leisure guide map,51.0966039,5.1730329,2009.0,$0,0.0,0,,3945,Ham
14495,52cdef7f4bab8bd67529c098,Enternships,web,Portal for start-up jobs/internships,51.5215279,-0.1038219,2009.0,$0,0.0,0,5th Floor,EC1M 5NR,London
14522,52cdef7f4bab8bd67529c0bb,Tour Volume,games_video,Global Concert listing Site,,,2009.0,$0,0.0,0,1169 Redwood City,94061,California
14528,52cdef7f4bab8bd67529c0c6,Comufy,public_relations,Convert your Fans into Customers,51.5220763,-0.1153003,2009.0,$0,0.0,0,,EC1A 9PT,London
14607,52cdef7f4bab8bd67529c129,Kvittar,web,Digital receipts,55.6057989,12.9950742,2009.0,$0,0.0,0,,211 21,Malmö
14611,52cdef7f4bab8bd67529c12a,Layar,mobile,Augmented Reality,52.3657578,4.8928722,2009.0,$13.4M,13400000.0,USD,Vijzelstraat 20,1017HK,Amsterdam
14613,52cdef7f4bab8bd67529c132,GatherSource,web,News search & web network,47.909156,-97.055612,2009.0,$0,0.0,0,,58201,Grand Forks
14637,52cdef7f4bab8bd67529c14f,PicFog,search,Real time image search,51.4770982,-0.2867703,2009.0,$0,0.0,0,Adelaide Rd,TW9,London
14662,52cdef7f4bab8bd67529c168,Taxi Fares app,software,Taxi fares applications for smartphones,40.4244585,-3.6990948,2009.0,$0,0.0,0,,28004,Madrid
14676,52cdef7f4bab8bd67529c176,Actinobac Biomed,biotech,pharmaceutical technologies,40.455501,-74.478931,2009.0,$600k,600000.0,USD,675 US Highway 1,08902,North Brunswick
14704,52cdef7f4bab8bd67529c198,FertilityAuthority,web,Info Site for Fertility issues,,,2009.0,$1.7M,1700000.0,USD,"150 East 49th Street, 5th Floor",10017,New York
14714,52cdef7f4bab8bd67529c1a0,Small Bone Innovations,medical,Small Bone Device Company,,,2009.0,$469M,469391464.0,USD,1380 S. Pennsylvania Avenue,19067,Morrisville
14715,52cdef7f4bab8bd67529c1a7,LIG Investment Advisers,consulting,Investment Advisory firm,,,2009.0,$0,0.0,0,,,
14718,52cdef7f4bab8bd67529c1a8,ticketea,ecommerce,Online event management platform,40.4455155,-3.7061764,2010.0,$5.73M,5730000.0,USD,Marques de Lema,28003,Madrid
14719,52cdef7f4bab8bd67529c1aa,Lipperhey,software,online seo service,52.3655578,4.9345824,2009.0,€200k,200000.0,EUR,Timorplein 42,1094CC,Amsterdam
14723,52cdef7f4bab8bd67529c1af,Online Intelligence,security,Online Advertising Security Experts,,,2009.0,$0,0.0,0,512 Seventh Ave,10018,New York
14758,52cdef7f4bab8bd67529c1d7,Personal,mobile,,,,2009.0,$21.1M,21081755.0,USD,1010 Wisconsin Ave. NW,20007,Washington
14778,52cdef7f4bab8bd67529c1ef,ZOOMcatalog,advertising,Search Digital Promo Product Catalogs,40.003146,-105.137715,2009.0,$0,0.0,0,2888 Shoshone Trl.,80026,Lafayette
14785,52cdef7f4bab8bd67529c1f5,Wikitude,mobile,Smartphone Software Developer,47.8227,13.041788,2009.0,$0,0.0,0,Schrannengasse 6,5020,Salzburg
14788,52cdef7f4bab8bd67529c1fa,vooch,mobile,Mobile Coupons,48.1154399,16.2974355,2009.0,$0,0.0,0,WienerstraÃŸe 9/2,3430,Tulln
14824,52cdef7f4bab8bd67529c232,Midwest Data Systems,other,Total Technology Solution,45.0850398,-87.6329743,2009.0,$0,0.0,0,1506 Cleveland Ave,54143,Marinette
14827,52cdef7f4bab8bd67529c235,Truckeo,ecommerce,Truck Accessories Site ,32.2306445,-110.9725175,2009.0,$0,0.0,0,727 N. Ash Avenue,85705,Tucson
14835,52cdef7f4bab8bd67529c248,Vortimer,web,Low Cost Resume Analysis,38.905504,-77.05681,2009.0,$0,0.0,0,2715 M St. NW,20009,Washington
14873,52cdef7f4bab8bd67529c27b,Abillo,software,Dream Experience Software creators,,,2009.0,$0,0.0,0,,,
14874,52cdef7f4bab8bd67529c27b,Abillo,software,Dream Experience Software creators,,,2009.0,$0,0.0,0,,,
14891,52cdef7f4bab8bd67529c28c,Myhive,mobile,iPhone App,51.5514688,-0.1996418,2009.0,$0,0.0,0,78 Mill Lane,NW61JZ,London
14943,52cdef7f4bab8bd67529c2c5,140Ware,web,Twitter-powered microforum,18.2066344,-67.1517568,2009.0,$0,0.0,0,257 Calle Aduana #145,00682,Mayaguez
14945,52cdef7f4bab8bd67529c2c9,Asyus,web,Personal Shopping Comparison Service,37.241813,-121.986779,2009.0,$0,0.0,0,,95030,Monte Sereno
14957,52cdef7f4bab8bd67529c2d0,Delphi,cleantech,Mobile electronics,42.603532,-83.16134,2009.0,$8M,8000000.0,USD,5725 Delphi Drive,48098,
14974,52cdef7f4bab8bd67529c2ec,Easter Egg,software,Social Software Developer,45.4649519,9.2087727,2009.0,$0,0.0,0,Via Cellini 21,20129,Milano
15023,52cdef7f4bab8bd67529c328,Appsfire,mobile,App Discovery and Promotion Platform ,,,2009.0,$4.6M,4600000.0,USD,,,Paris
15024,52cdef7f4bab8bd67529c328,Appsfire,mobile,App Discovery and Promotion Platform ,,,2009.0,$4.6M,4600000.0,USD,,,Tel Aviv
15027,52cdef7f4bab8bd67529c330,Kilrush Digital,mobile,mobile site building,,,2009.0,$0,0.0,0,The Tower Building,SE1 7NX,London
15044,52cdef7f4bab8bd67529c343,ChallengePost,web,Software challenges and hackathons,40.7408042,-74.00717,2009.0,$4.6M,4600000.0,USD,425 West 13th Street,10014,New York
15170,52cdef7f4bab8bd67529c3cd,Shreppy,ecommerce,consumer electronics goods,,,2010.0,$0,0.0,0,"c/o Telecom Italia - Piazza L. Einaudi, 8",20124,Milan
15290,52cdef7f4bab8bd67529c444,Outspoken Media,consulting,Internet Marketing Company,28.490886,-82.540512,2009.0,$0,0.0,0,"415 River Street, Suite 201",12180,Troy
15293,52cdef7f4bab8bd67529c44d,SPOTI,games_video,Online video service ,,,2009.0,$0,0.0,0,,,
15295,52cdef7f4bab8bd67529c448,Teambox,web,Collaboration and file sharing,41.4063346,2.1920231,2009.0,$6.75M,6750000.0,USD,Ronda Universitat 31,08007,Barcelona
15296,52cdef7f4bab8bd67529c448,Teambox,web,Collaboration and file sharing,,,2009.0,$6.75M,6750000.0,USD,805 Veterans,94063,Redwood City
15316,52cdef7f4bab8bd67529c474,Fuze Box,software,High Definition Online Collaboration ,,,2009.0,$0,0.0,0,150 Spear,94105,San Francisco
15371,52cdef7f4bab8bd67529c4b1,Automatic Backlinks,search,Get backlinks automatically,,,2009.0,$0,0.0,0,Calle Jacques Cousteau 4 bajo,18680,"SalobreÃ±a, Granada"
15379,52cdef7f4bab8bd67529c4b9,Clickom,ecommerce,e-Business & BI,43.6502994,-79.3762688,2009.0,$0,0.0,0,36 Toronto Street,M5C.2C5,"Toronto, ON"
15474,52cdef7f4bab8bd67529c520,ftopia,software,Simple File Sharing For Businesses,53.3328144,-6.2493777,2009.0,$0,0.0,0,8 rue Victor Massé,75009,Paris
15476,52cdef7f4bab8bd67529c525,Tiverias Apps,software,real-time and cloud apps,42.3672873,-71.0814466,2009.0,$0,0.0,0,"222 Third St, Suite 1320",02142,Cambridge
15481,52cdef7f4bab8bd67529c52a,Collective Core,other,Web Design and Development,33.8837,-84.5144,2009.0,$0,0.0,0,P.O. Box 813096,30081,Smyrna
15482,52cdef7f4bab8bd67529c52b,Glacir,other,Connecting Humanity ,39.977726,-83.01143,2009.0,$0,0.0,0,791 Neil Ave.,43215,Columbus
15486,52cdef7f4bab8bd67529c533,HOTForms123,web,Online Interactive Form Builder,34.0698912,-118.405325,2009.0,$0,0.0,0,468 North Camden Drive,90210,Beverly Hills
15560,52cdef7f4bab8bd67529c591,Aava Mobile,mobile,Mobile Platform Developer,,,2009.0,$4.26M,4260000.0,USD,Nahkatehtaankatu 2,,
15567,52cdef7f4bab8bd67529c59b,Luma International,software,Distributed Marketing SaaS Solution,,,2009.0,€3M,3000000.0,EUR,Lange Kievitstraat 118-120,2018,Antwerp
15568,52cdef7f4bab8bd67529c59b,Luma International,software,Distributed Marketing SaaS Solution,,,2009.0,€3M,3000000.0,EUR,303 Twin Dolphin Drive Suite 600,94065-1422,303 Twin Dolphin Drive Suite 600
15569,52cdef7f4bab8bd67529c59b,Luma International,software,Distributed Marketing SaaS Solution,,,2009.0,€3M,3000000.0,EUR,"22, place des Vosges",92400,Courbevoie
15570,52cdef7f4bab8bd67529c59b,Luma International,software,Distributed Marketing SaaS Solution,,,2009.0,€3M,3000000.0,EUR,Delftseplein 36 3rd Floor,3013 AA,Rotterdam
15627,52cdef7f4bab8bd67529c5de,pTracker,mobile,Mobile app provider,30.268735,-97.745209,2009.0,$0,0.0,0,,,Austin
15628,52cdef7f4bab8bd67529c5dd,Bookwhen,ecommerce,Event booking,51.7714264,-1.2581049,2009.0,$0,0.0,0,15 Garford Rd,OX2 6UY,Oxford
15749,52cdef7f4bab8bd67529c67e,Flatterline,software,Kick ass web application development.,,,2009.0,$0,0.0,0,25779 W. Gibson Ln.,85326,Phoenix
15768,52cdef7f4bab8bd67529c697,atlanticOptimize,consulting,Internet Marketing,,,2009.0,$0,0.0,0,510 Pacifc Grove Dr. #4,33401,West Palm Beach
15795,52cdef7f4bab8bd67529c6b6,Tiny Speck,games_video,,49.2824551,-123.109217,2009.0,$17.2M,17200000.0,USD,163 Hastings St W,BC V6B 1H5,Vancouver
15812,52cdef7f4bab8bd67529c6c9,ConvoCreatr,web,Corporate Calendar Merger,,,2009.0,$0,0.0,0,Yonge and Eglinton,M4P1L5,Toronto
15815,52cdef7f4bab8bd67529c6d5,SEO Sumo,public_relations,Strategic SEO Services,25.723408,-80.306331,2009.0,$0,0.0,0,6890 SW 50th Terrace,33155,Miami
15817,52cdef7f4bab8bd67529c6d6,InstantQ,advertising,Last Minute Restaurant Deals,37.369195,-122.036849,2009.0,$0,0.0,USD,,,Sunnyvale
15820,52cdef7f4bab8bd67529c6d4,Treehouse,education,An interactive education platform,,,2011.0,$19.4M,19388197.0,USD,,,Orlando
15821,52cdef7f4bab8bd67529c6d4,Treehouse,education,An interactive education platform,,,2011.0,$19.4M,19388197.0,USD,,,Portland
15825,52cdef7f4bab8bd67529c6dc,acrossair,mobile,iPhone app house,51.5177425,-0.1165365,2009.0,$0,0.0,0,,WC1V 7BD,London
15830,52cdef7f4bab8bd67529c6e2,MyChances,consulting,College admissions predictions,39.394564,-119.8120795,2009.0,$0,0.0,0,,89511,Reno
15831,52cdef7f4bab8bd67529c6e2,MyChances,consulting,College admissions predictions,37.4484914,-122.1802812,2009.0,$0,0.0,0,,94025,Menlo Park
15833,52cdef7f4bab8bd67529c6e4,Getyoo,mobile,NFC Events Solutions,50.83997,4.3464721,2009.0,€1.13M,1130000.0,EUR,"Rue des Tanneurs, 60a",1000,Brussels
15841,52cdef7f4bab8bd67529c6eb,DocASAP,web,Online doctor and dentist appointments,,,2012.0,$800k,799998.0,USD,115 5th Ave,10003,New York
15843,52cdef7f4bab8bd67529c6f5,Oriact,software,Solutions for software development,47.0882193,8.4371634,2009.0,$0,0.0,0,LÃ¤rchenweg 7,6403,KÃ¼ssnacht
15844,52cdef7f4bab8bd67529c6f6,Adhunk,advertising,Online Admanager,,,2009.0,$0,0.0,0,Near Tube Well(south),334003,Bikaner
